"ID	","·ÖÀà	","±êÌâ	","×÷Õß	","ÄÚÈÝ	","¸½¼þ	","´´½¨Ê±¼ä	","×îºó¸üÐÂ	"
1391,"³£ÓÃÖªÊ¶	","¸öÈËÉí·ÝÃ»ÓÐÓªÒµÖ´ÕÕÉí·Ý¿ÉÒÔÉêÇë	","¸¶Ç®À­¿Í·þ-801	","¸öÈËÉí·Ý²»¿ÉÒÔ¡£Ä¿Ç°Õë¶ÔµÄÊÇÆóÒµ»ò¹¤ÉÌ¸öÌå¶ÔÏó¡£	",-,2016/9/21 19:28,2017/11/16 14:50
1396,"³£ÓÃÖªÊ¶	","ÎÒÃÇÊÇ·ñ¿ÉÒÔ¶Ô½ÓNFC½Ó¿Ú/NFC½ÓÈë/NFC¶Ô½Ó	","¸¶Ç®À­¿Í·þ-801	","ÔÝÊ±ÎÞ·¨ÊµÏÖ´Ë¹¦ÄÜ¡£	",-,2016/9/21 19:29,2017/12/5 13:36
1400,"³£ÓÃÖªÊ¶	","¸¶Ç®À­ÊÕ·Ñ/¸¶Ç®À­·ÑÂÊ/¸¶Ç®À­·ÑÓÃ	","¸¶Ç®À­¿Í·þ-801	","¸¶Ç®À­µÄÊÕ·ÑÏîÄ¿°üÀ¨»ù´¡·þÎñºÍÔöÖµ·þÎñ¡£
Ä¿Ç°ÕýÔÚ»î¶¯ÆÚ¼ä£¬»ù´¡·þÎñ¼´Ö§¸¶½ÓÈë·þÎñÊÇÃâ·ÑµÄ¡£

ÈçÐè¸¶Ç®À­Ð­Öú´ú¿ªÍ¨µÀ£¬µÚÈý·½»áºÍÄúÊÕÈ¡½ÓÈë·þÎñ·Ñ£¬ÀýÈç¿ªÍ¨Î¢ÐÅ¹«ÖÚºÅÖ§¸¶£¬Ðè½ÉÄÉ¿ªÍ¨·Ñ300Ôª¡£ÁíÍâ£¬ÎÞÂÛÊÇ×ÔÐÐ¿ªÍ¨»¹ÊÇÎ¯ÍÐ¸¶Ç®À­´ú¿ªÍ¨µÀ£¬µÚÈý·½Ö§¸¶¹«Ë¾¶¼»áºÍÄúÊÕÈ¡½»Ò×ÊÖÐø·Ñ£¬±ÈÈçÎ¢ÐÅÖ§¸¶µÄµ¥±Ê·ÑÂÊÎª0.6%¡£
ÔöÖµ·þÎñ°üÀ¨£ºÀí²Æ·þÎñ¡¢·ÖÆÚ²úÆ·¡¢ÐÅÓÃÊý¾ÝÖ§³Ö·þÎñµÈ£¬ÕâÐ©ÔöÖµ·þÎñÏîÊÇÐèÒªÁíÐÐÊÕ·ÑµÄ¡£	",-,2016/9/22 13:51,2017/11/17 14:06
1401,"³£ÓÃÖªÊ¶	","¸¶Ç®À­²»ÊÕÊÖÐø·ÑÈçºÎÓ¯Àû/¸¶Ç®À­Ó¯Àû·½Ê½/¸¶Ç®À­ÊÖÐø·Ñ	","¸¶Ç®À­¿Í·þ-801	","Õâ²»ÊÇÎÒÃÇÓ¯Àûµã£¬ÎÒÃÇµÄ³õÖÔÊÇÓë´´Òµ¹«Ë¾»òÖÐÎ¢ÆóÒµ½¨Á¢³¤ÆÚºÏ×÷¹ØÏµ£¬´òÏìÎÒÃÇ¿Ú±®£¬ ÎÒÃÇÊÇ·Ö»ù´¡·þÎñºÍÔöÖµ·þÎñµÄ¡£½ÓÈëºÍ´úÉêÇëÕâÐ©¶¼ÊÇ»ù´¡·þÎñ£¬ÏÖÔÚ»ù´¡·þÎñÊÇÃâ·ÑµÄ»î¶¯ÆÚ¼ä£¬ÈôÒÔºó»î¶¯½áÊøºó£¬ºóÃæÔÙÀ´½øÐÐÉêÇë½ÓÈëµÄ¿Í»§¾ÍÒª¿ªÊ¼ÊÕ·ÑµÄ£¬Ç°ÆÚÒÑ¾­ºÏ×÷µÄ¿Í»§²»Éæ¼°·ÑÓÃ£¬µÈÓÚÊÇÌáÇ°ÏíÊÜÁËÃâ·Ñ»áÔ±µÄ´ýÓöÁË¡£


ÔöÖµ·þÎñ°üÀ¨£ºÀí²Æ·þÎñ¡¢·ÖÆÚ²úÆ·¡¢ÐÅÓÃÊý¾ÝÖ§³Ö·þÎñµÈ£¬ÈçÐè¸¶Ç®À­Ìá¹©ÔöÖµ·þÎñ£¬ÕâÐ©·þÎñÏîÊÇÐèÒªÁíÐÐÊÕ·ÑµÄ¡£	",-,2016/9/22 13:52,2017/12/5 13:37
1402,"³£ÓÃÖªÊ¶	","½Ó¿Úµ÷ÓÃ´ÎÊýÏÞÖÆ/½Ó¿ÚÏÞÖÆ/µ÷ÓÃÏÞÖÆ	","¸¶Ç®À­¿Í·þ-801	","Ä¿Ç°½Ó¿Úµ÷ÓÃ´ÎÊýÃ»ÓÐÏÞÖÆ	",-,2016/9/22 13:52,2017/11/17 15:47
1408,"³£ÓÃÖªÊ¶	","¸÷ÀàÍÆ¹ã/ÐÂÎÅÃ½ÌåÍÆ¹ã/ÊÐ³¡ÍÆ¹ã	","¸¶Ç®À­¿Í·þ-801	","ÕâÀïÊÇ¿Í·þ²¿Ã»ÓÐ×ª½Ó¹¦ÄÜ£¬½¨ÒéÖ±½Ó²¦´òÊÐ³¡²¿ÈÈÏß£º010-53956121	",-,2016/9/22 14:00,2017/11/17 14:41
1515,"³£ÓÃÖªÊ¶	","¼øÈ¨·þÎñ	","¸¶Ç®À­¿Í·þ-801	","¸ù¾ÝÓÃ»§µÄÐÕÃû¡¢Éí·ÝÖ¤ºÅ¡¢ÒøÐÐ¿¨ºÅµÈÐÅÏ¢£¬¼ø±ðÆäÉí·ÝÕæÊµÐÔ£¬Íê³ÉÊµÃûÈÏÖ¤¹ý³Ì¡£×ñÑ­ÁË½â¿Í»§Ô­Ôò£¬·ûºÏÊµÃûÖÆÒªÇó£¬¿ÉÒÔ¸üºÃµÄÎªÓÃ»§Ìá¹©·þÎñ¡£	",-,2016/9/30 12:00,2017/11/16 15:04
1001418,"³£ÓÃÖªÊ¶	","¾ÛºÏÖ§¸¶Ö§³ÖJavaÏµÍ³Âð£¿	","¸¶Ç®À­¿Í·þ-801	","ÄúºÃ£¬javaÔÝÊ±Ã»ÓÐ·ÅÔÚ¹ÙÍø£¬Èç¹ûÓÐÎÊÌâ¿ÉÒÔ×¢²áºó£¬ÎÒÃÇ¼¼ÊõÈËÔ±×¨ÃÅ½â¾ö¡£


¿Í·þºóÐøÁªÏµÉÌ»§ÔËÓª´¦Àí	",-,2017/2/15 17:09,2017/11/17 15:45
1011194,"³£ÓÃÖªÊ¶	","¸÷¸öµÚÈý·½Ö§¸¶Æ½Ì¨¿Í·þµç»°/ÁªÏµ·½Ê½	","¸¶Ç®À­¿Í·þ-803	","Î¢ÐÅ£º95017
Ö§¸¶±¦£º95188
¾©¶«Ç®°ü£º400-088-8816
°Ù¶ÈÇ®°ü£º95055
Ò×±¦Ö§¸¶£º400-1500-800
¿ìÇ®£º400-635-5799	",-,2017/11/7 14:36,2017/11/7 14:36
1011227,"³£ÓÃÖªÊ¶	","ÎÒÃÇµÄÖ§¸¶²úÆ·/¸¶Ç®À­Ö§¸¶²úÆ·	","¸¶Ç®À­¿Í·þ-803	","ÏßÏÂÉ¨Âë²úÆ·¼°ÏßÉÏ¾ÛºÏÖ§¸¶²úÆ·	",-,2017/11/8 14:48,2017/11/8 14:48
1011240,"³£ÓÃÖªÊ¶	","ÒËÐÅ¿Í·þµç»°£¬ÒËÐÅ½ðÈÚÍø´ûÆ½Ì¨¿Í·þµç»°	","¸¶Ç®À­¿Í·þ-803	","ÒËÐÅ²Æ¸»¿Í·þÈÈÏß	95183
ÒËÐÅÆÕ»Ý¿Í·þÈÈÏß	400-818-2866
ÒËÈË´ûÀí²Æ¿Í·þÈÈÏß	400-060-9191
ÒËÈË´û½è¿î¿Í·þÈÈÏß	400-609-9400	",-,2017/11/8 18:36,2017/11/8 18:36
1011375,"³£ÓÃÖªÊ¶	","ÎÒÃÇµÄÖ§¸¶²úÆ·/¸¶Ç®À­Ö§¸¶²úÆ·	","¸¶Ç®À­¿Í·þ-803	","ÏßÏÂÉ¨Âë²úÆ·


ÏßÉÏ¾ÛºÏÖ§¸¶²úÆ·	",-,2017/11/13 13:31,2017/11/17 12:59
1011392,"³£ÓÃÖªÊ¶	","B2B	","¸¶Ç®À­¿Í·þ-803	","ÆóÒµÓëÆóÒµ¼ä¿ªÕ¹µÄÒµÎñ	",-,2017/11/13 18:02,2017/11/13 18:02
1011393,"³£ÓÃÖªÊ¶	","B2C	","¸¶Ç®À­¿Í·þ-803	","ÆóÒµÓë¸öÈË¼ä¿ªÕ¹µÄÒµÎñ	",-,2017/11/13 18:02,2017/11/13 18:02
1011394,"³£ÓÃÖªÊ¶	","¸¶Ç®À­	","¸¶Ç®À­¿Í·þ-803	","¸¶Ç®À­ÊÇÒ»¿îÎªÆóÒµÌá¹©Ö§¸¶½ÓÈëµÄ²úÆ·£¬ÄÜ¹»°ïÖúÆóÒµ½ÓÈëÖ÷Á÷µÄÖ§¸¶Í¨µÀ£¬ÈçÖ§¸¶±¦¡¢Î¢ÐÅ¡¢¾©¶«Ö§¸¶µÈµÚÈý·½Ö§¸¶Í¨µÀ¡£Í¬Ê±»¹ÄÜ¹»Ìá¹©ÅäÌ×µÄ½ðÈÚÐÅÏ¢·þÎñ£¬Èç×Ê½ðÍÐ¹Ü¡¢ÕË»§¹ÜÀí¡¢·ÖÆÚ²úÆ·¡¢ÈÚ×ÊµÈ¡£ÎÒÃÇÓÐ×¨ÒµµÄÍÅ¶Ó½øÐÐºóÌ¨µÄÔËÓª¹ÜÀí¡¢ÏµÍ³ÔËÎ¬¡¢·çÏÕ¼à¿Ø¡¢½»Ò×Ô¤¾¯¡¢±¨±í¹ÜÀí¡¢7*24Ð¡Ê±ÔËÎ¬µÈ·þÎñ£¬ÒÔ±£ÕÏÉÌ»§µÄ½»Ò×Õý³£ÔË×ª¡£	",-,2017/11/13 18:02,2017/11/13 18:02
1011395,"³£ÓÃÖªÊ¶	","µÚÈý·½Ö§¸¶	","¸¶Ç®À­¿Í·þ-803	","µÚÈý·½Ö§¸¶ÊÇÖ¸¾ß±¸Ò»¶¨ÊµÁ¦ºÍÐÅÓþ±£ÕÏµÄ¶ÀÁ¢»ú¹¹£¬²ÉÓÃÓë¸÷´óÒøÐÐÇ©Ô¼µÄ·½Ê½£¬Í¨¹ýÓëÒøÐÐÖ§¸¶½áËãÏµÍ³½Ó¿Ú¶Ô½Ó¶ø´Ù³É½»Ò×Ë«·½½øÐÐ½»Ò×µÄÍøÂçÖ§¸¶Ä£Ê½¡£
ÔÚµÚÈý·½Ö§¸¶Ä£Ê½£¬Âò·½Ñ¡¹ºÉÌÆ·ºó£¬Ê¹ÓÃµÚÈý·½Æ½Ì¨Ìá¹©µÄÕË»§½øÐÐ»õ¿îÖ§¸¶£¨Ö§¸¶¸øµÚÈý·½£©£¬²¢ÓÉµÚÈý·½Í¨ÖªÂô¼Ò»õ¿îµ½ÕË¡¢ÒªÇó·¢»õ£»Âò·½ÊÕµ½»õÎï£¬¼ìÑé»õÎï£¬²¢ÇÒ½øÐÐÈ·ÈÏºó£¬ÔÙÍ¨ÖªµÚÈý·½¸¶¿î£»µÚÈý·½ÔÙ½«¿îÏî×ªÖÁÂô¼ÒÕË»§¡£	",-,2017/11/13 18:02,2017/11/13 18:02
1011396,"³£ÓÃÖªÊ¶	","SDK	","¸¶Ç®À­¿Í·þ-803	","Èí¼þ¿ª·¢¹¤¾ß°üÊÇÒ»Ð©Èí¼þ¹¤³ÌÊ¦ÎªÌØ¶¨µÄÈí¼þ°ü¡¢Èí¼þ¿ò¼Ü¡¢Ó²¼þÆ½Ì¨¡¢²Ù×÷ÏµÍ³µÈ½¨Á¢Ó¦ÓÃÈí¼þÊ±µÄ¿ª·¢¹¤¾ßµÄ¼¯ºÏ¡£	",-,2017/11/13 18:02,2017/11/13 18:02
1011397,"³£ÓÃÖªÊ¶	","DEMO	","¸¶Ç®À­¿Í·þ-803	","¼´ÎªÑÝÊ¾°æ	",-,2017/11/13 18:02,2017/11/13 18:02
1011398,"³£ÓÃÖªÊ¶	","¸¶Ç®À­ÈçºÎÊÕ·Ñ/¸¶Ç®À­·ÑÓÃ/·ÑÂÊ	","¸¶Ç®À­¿Í·þ-803	","¸¶Ç®À­µÄÊÕ·ÑÏîÄ¿°üÀ¨»ù´¡·þÎñºÍÔöÖµ·þÎñ¡£?
Ä¿Ç°ÕýÔÚ»î¶¯ÆÚ¼ä£¬»ù´¡·þÎñ¼´Ö§¸¶½ÓÈë·þÎñÊÇÃâ·ÑµÄ¡£?


ÈçÐè¸¶Ç®À­Ð­Öú´ú¿ªÍ¨µÀ£¬µÚÈý·½»áºÍÄúÊÕÈ¡½ÓÈë·þÎñ·Ñ£¬ÀýÈç¿ªÍ¨Î¢ÐÅ¹«ÖÚºÅÖ§¸¶£¬Ðè½ÉÄÉ¿ªÍ¨·Ñ300Ôª¡£ÁíÍâ£¬ÎÞÂÛÊÇ×ÔÐÐ¿ªÍ¨»¹ÊÇÎ¯ÍÐ¸¶Ç®À­´ú¿ªÍ¨µÀ£¬µÚÈý·½Ö§¸¶¹«Ë¾¶¼»áºÍÄúÊÕÈ¡½»Ò×ÊÖÐø·Ñ£¬±ÈÈçÎ¢ÐÅÖ§¸¶µÄµ¥±Ê·ÑÂÊÎª0.6%¡£
ÔöÖµ·þÎñ°üÀ¨£ºÀí²Æ·þÎñ¡¢·ÖÆÚ²úÆ·¡¢ÐÅÓÃÊý¾ÝÖ§³Ö·þÎñµÈ£¬ÈçÐè¸¶Ç®À­Ìá¹©ÔöÖµ·þÎñ£¬ÈçÐèÒªÁË½âÏêÇé¿ÉÁôÏÂÄúµÄÁªÏµ·½Ê½¿Í·þ»á°²ÅÅ×¨ÊôÈËÔ±½øÐÐÓëÄúÇ¢Ì¸¡£	",-,2017/11/13 18:02,2017/11/13 18:11
1011399,"³£ÓÃÖªÊ¶	","¸¶Ç®À­²»ÊÕ·Ñ£¬Ó¯ÀûÔÚÄÄÀï/¸¶Ç®À­·ÑÓÃ/·ÑÂÊ	","¸¶Ç®À­¿Í·þ-803	","ÎÒÃÇµÄ³õÖÔÊÇÓë´´Òµ¹«Ë¾»òÖÐÎ¢ÆóÒµ½¨Á¢³¤ÆÚºÏ×÷¹ØÏµ£¬´òÏìÎÒÃÇ¿Ú±®£¬ ÎÒÃÇÊÇ·Ö»ù´¡·þÎñºÍÔöÖµ·þÎñµÄ¡£


½ÓÈëºÍ´úÉêÇëÕâÐ©¶¼ÊÇ»ù´¡·þÎñ£¬ÏÖÔÚ»ù´¡·þÎñÊÇÃâ·ÑµÄ»î¶¯ÆÚ¼ä£¬ÈôÒÔºó»î¶¯½áÊøºó£¬ºóÃæÔÙÀ´½øÐÐÉêÇë½ÓÈëµÄ¿Í»§¾ÍÒª¿ªÊ¼ÊÕ·ÑµÄ£¬Ç°ÆÚÒÑ¾­ºÏ×÷µÄ¿Í»§²»Éæ¼°·ÑÓÃ£¬µÈÓÚÊÇÌáÇ°ÏíÊÜÁËÃâ·Ñ»áÔ±µÄ´ýÓöÁË¡£


?ÔöÖµ·þÎñ°üÀ¨£ºÀí²Æ·þÎñ¡¢·ÖÆÚ²úÆ·¡¢ÐÅÓÃÊý¾ÝÖ§³Ö·þÎñµÈ£¬ÈçÐè¸¶Ç®À­Ìá¹©ÔöÖµ·þÎñ£¬ÈçÐèÒªÁË½âÏêÇé¿ÉÁôÏÂÄúµÄÁªÏµ·½Ê½¿Í·þ»á°²ÅÅ×¨ÊôÈËÔ±½øÐÐÓëÄúÇ¢Ì¸¡£	",-,2017/11/13 18:02,2017/11/13 18:15
1011400,"³£ÓÃÖªÊ¶	","ÒÆ¶¯wap	","¸¶Ç®À­¿Í·þ-803	","H5ÍâÖÃä¯ÀÀÆ÷£¬ÊÖ»úä¯ÀÀÆ÷	",-,2017/11/13 18:02,2017/11/13 18:02
1011401,"³£ÓÃÖªÊ¶	","¹«ÖÚºÅ	","¸¶Ç®À­¿Í·þ-803	","H5ÄÚÖÃä¯ÀÀÆ÷£¬Î¢ÐÅÄÚÖÃä¯ÀÀÆ÷	",-,2017/11/13 18:02,2017/11/13 18:02
1011402,"³£ÓÃÖªÊ¶	","PCÍøÒ³	","¸¶Ç®À­¿Í·þ-803	","µçÄÔä¯ÀÀÆ÷´ò¿ªµÄÍøÒ³	",-,2017/11/13 18:02,2017/11/13 18:02
1011403,"³£ÓÃÖªÊ¶	","APP½éÉÜ	","¸¶Ç®À­¿Í·þ-803	","°²×°ÔÚÖÇÄÜÊÖ»úÉÏµÄÈí¼þ	",-,2017/11/13 18:02,2017/11/30 11:24
1011413,"³£ÓÃÖªÊ¶	","APP½ÓÈëÍøÒøÖ§¸¶/APP½ÓÈëÍ¨µÀÖÖÀà/APPÍ¨µÀ	","¸¶Ç®À­¿Í·þ-803	","ÊÖ»úAPP½ÓÈëÖ§¸¶£¬²»Ö§³Ö½ÓÈëÍøÒøÍ¨µÀ¡£


ÊÖ»úAPPÖ§³Ö½ÓÈë£ºÎ¢ÐÅÖ§¸¶£¬Ö§¸¶±¦Ö§¸¶£¬¿ì½ÝÖ§¸¶	",-,2017/11/13 19:36,2017/11/30 11:25
1011496,"³£ÓÃÖªÊ¶	","µÚËÄ·½Ö§¸¶	","¸¶Ç®À­¿Í·þ-803	","µÚËÄ·½Ö§¸¶ÊÇÏà¶ÔµÚÈý·½¶øÑÔµÄ£¬×÷Îª¶ÔµÚÈý·½Ö§¸¶Æ½Ì¨·þÎñµÄÍØÕ¹¡£


µÚÈý·½Ö§¸¶½éÓÚÒøÐÐºÍÉÌ»§Ö®¼ä£¬¶øµÚËÄ·½Ö§¸¶ÊÇ½éÓÚµÚÈý·½Ö§¸¶ºÍÉÌ»§Ö®¼ä£¬Ã»ÓÐÖ§¸¶Ðí¿ÉÅÆÕÕµÄÏÞÖÆ¡£	",-,2017/11/17 13:00,2017/11/17 13:00
1012256,"³£ÓÃÖªÊ¶	","Ë÷Òª·¢Æ±/¿ª·¢Æ±/Ìá¹©·¢Æ±/·þÎñ·¢Æ±	","¸¶Ç®À­¿Í·þ-803	","Ä¿Ç°ÎÒÃÇÆ½Ì¨´¦ÓÚÍÆ¹ãÆÚ£¬»ù´¡µÄ¾ÛºÏÖ§¸¶¼°É¨ÂëÖ§¸¶Ãâ·Ñ½ÓÈë£¬²»Ìá¹©·¢Æ±¡£


ÔöÖµ·þÎñ·þÎñÈç¹ûÐèÒªÌá¹©·¢Æ±£¬ÐèÒªÉÌ»§Ìá¹©Ò»ÏÂÐÅÏ¢£º
·¢Æ±ÐÅÏ¢£º¹«Ë¾È«³Æ£¬ÄÉË°ÈËÊ¶±ðºÅ£¬¹«Ë¾×¢²áµØÖ·£¬µç»°£¬¿ª»§ÐÐ£¬ÕËºÅ£¬·¢Æ±ÄÚÈÝÖ»ÄÜÊÇ·þ·Ñ¡£
¿ìµÝÐÅÏ¢£ºÐÕÃû£¬µç»°£¬µØÖ·¡£	",-,2017/12/5 16:24,2017/12/5 16:55
1384,"Ö§¸¶²úÆ·£ºÏßÏÂÉ¨ÂëÖ§¸¶	","ÉêÇëÎ¢ÐÅÉ¨ÂëÖ§¸¶¸öÌå»§ÎÞ¶Ô¹«ÕË»§/É¨ÂëÖ§¸¶ÎÞ¶Ô¹«ÕË»§	","¸¶Ç®À­¿Í·þ-801	","Èô¸öÌå»§ÎÞ¶Ô¹«ÕË»§ÇëÓÃÓªÒµÖ´ÕÕÉÏ·¨ÈËµÄË½ÈËÒøÐÐ¿¨´úÌæ	",-,2016/9/21 19:25,2017/11/22 15:39
1514,"Ö§¸¶²úÆ·£ºÏßÏÂÉ¨ÂëÖ§¸¶	","ÏßÏÂÉ¨Âë½ÓÈëÁ÷³Ì/ÏßÏÂÉ¨Âë¿ªÍ¨²½Öè	","¸¶Ç®À­¿Í·þ-801	","1¡¢×¢²á£ºÌá½»ÆóÒµ»ò¸öÌåÏà¹ØÖ´ÕÕµÈ×ÊÖÊÍê³ÉÉóºË¡£²¢ÏÂÔØ£º×¢²áµÇÂ¼ºóÏÂÔØ¶þÎ¬Âë
2¡¢´òÓ¡ÌùÃÅµê£º½«¶þÎ¬ÂëÌùÖÁÃÅµê
3¡¢É¨ÂëÊÕ¿î£ºÏû·ÑÕßÉ¨Âë¸¶¿î	",-,2016/9/30 11:52,2017/11/22 17:33
1000709,"Ö§¸¶²úÆ·£ºÏßÏÂÉ¨ÂëÖ§¸¶	","É¨ÂëÏÞ¶î/É¨ÂëÖ§¸¶ÏÞ¶î	","¸¶Ç®À­¿Í·þ-801	","Ö§¸¶±¦¡¢Î¢ÐÅ¡¢ÐÅÓÃ¿¨¡¢´¢Ðî¿¨É¨ÂëÖ§¸¶ÏÞ¶î²Î¿¼¹Ù·½¶î¶È¡£
ÎÂÜ°ÌáÊ¾£º·Ç·¨Ì×ÏÖ¡¢¶ñÒâË¢µ¥»áÃæÁÙÉÌ»§Í¨µÀ¶î¶Èµ÷Õû»ò¹Ø±Õ·çÏÕ¡£	",-,2017/1/5 10:43,2017/11/22 17:54
1011404,"Ö§¸¶²úÆ·£ºÏßÏÂÉ¨ÂëÖ§¸¶	","ÏßÏÂÉ¨Âë½éÉÜ	","¸¶Ç®À­¿Í·þ-803	","¶àÂëºÏÒ»£¬Í¬Ê±Ö§³ÖÎ¢ÐÅºÍÖ§¸¶±¦£¬½áËãÖÜÆÚT+1¡¢·ÑÂÊ£º0.35%-0.6%Ö®£¬×îÖÕÈ·ÈÏºÏ×÷Ö®ºó¸øµ½×îÖÕ·ÑÂÊµã£¬Ö§¸¶±¦¼°Î¢ÐÅÍ¨µÀ¶¼ÊÇ°´ÕÕÃ¿±ÊÊÕÈ¡·ÑÂÊ¡£
Ö§³ÖÆóÒµ¡¢¸öÌå¡¢¸öÈËºÏ×÷£¬ÊµÏÖ¶Ô¹«¶ÔË½½áËã¡£	",-,2017/11/13 19:36,2017/11/22 14:26
1011405,"Ö§¸¶²úÆ·£ºÏßÏÂÉ¨ÂëÖ§¸¶	","ÏßÏÂÉ¨ÂëÖ§³ÖµÄµÚÈý·½Ö§¸¶Æ½Ì¨	","¸¶Ç®À­¿Í·þ-803	","Î¢ÐÅÒÔ¼°Ö§¸¶±¦	",-,2017/11/13 19:36,2017/11/22 14:32
1011406,"Ö§¸¶²úÆ·£ºÏßÏÂÉ¨ÂëÖ§¸¶	","ÏßÏÂÉ¨Âë¿ªÍ¨µÄÌõ¼þ	","¸¶Ç®À­¿Í·þ-803	","1¡¢ÓÐ¸öÌå¾­ÓªÖ´ÕÕ»òÆóÒµÓªÒµÖ´ÕÕ¡£
2¡¢ÉêÇëÈËÔÚµêÆÌÃÅÍ·ÊÖ³ÖÉí·ÝÖ¤ÕÕÆ¬»òÔÚ°ì¹«»·¾³ÕÕÆ¬¡£
¸öÈËÔÝ²»Ö§³Ö½ÓÈë	",-,2017/11/13 19:36,2017/12/19 14:44
1011424,"Ö§¸¶²úÆ·£ºÏßÏÂÉ¨ÂëÖ§¸¶	","ÏßÏÂÉ¨ÂëT+1½áËã/É¨Âë·ÑÂÊ/ÊÖÐø·Ñ	","¸¶Ç®À­¿Í·þ-803	","¶àÂëºÏÒ»£¬Í¬Ê±Ö§³ÖÎ¢ÐÅºÍÖ§¸¶±¦£¬½áËãÖÜÆÚT+1¡¢·ÑÂÊ×îµÍ0.35%£¬Î¢ÐÅÒÔ¼°Ö§¸¶±¦Í¨µÀ¶¼ÊÇ°´ÕÕÃ¿±ÊÊÕÈ¡·ÑÂÊ¡£Ö§³ÖÆóÒµ¡¢¸öÌå¡¢¸öÈËºÏ×÷£¬ÊµÏÖ¶Ô¹«¶ÔË½½áËã¡£	",-,2017/11/14 10:34,2017/11/22 17:34
1011425,"Ö§¸¶²úÆ·£ºÏßÏÂÉ¨ÂëÖ§¸¶	","ÏßÏÂÉ¨ÂëD0½áËã/É¨Âë·ÑÂÊ/ÊÖÐø·Ñ	","¸¶Ç®À­¿Í·þ-803	","¶àÂëºÏÒ»£¬Ä¿Ç°Ö§³ÖÖ§¸¶±¦ºÍÎ¢ÐÅ£¬½áËãÖÜÆÚD0¡¢·ÑÂÊ£º0.38%+Ã¿±Ê1ÔªÌáÏÖ·ÑÓÃ£¬¶¼ÊÇ°´ÕÕÃ¿±ÊÊÕÈ¡·ÑÂÊ¡£
Ö§³ÖÆóÒµ¡¢¸öÌå¡¢¸öÈËºÏ×÷£¬ÊµÏÖ¶Ô¹«¶ÔË½·¨ÈË½áËã¡£	",-,2017/11/14 10:34,2017/11/22 17:34
1011440,"Ö§¸¶²úÆ·£ºÏßÏÂÉ¨ÂëÖ§¸¶	","È«¹úÁ¬Ëøµê³¡¾°£¬½ÓÈëÎ¢ÐÅºÍÖ§¸¶±¦ÏßÏÂÉ¨Âë£¨ÕýÉ¨£©ÊÇ·ñÄÜÊµÏÖÃ¿¸öÃÅµêµÄ½»Ò×½áËãµ½×Üµê	","¸¶Ç®À­¿Í·þ-803	","¿ÉÒÔµÄ£»ÉêÇëÊ±×ÜµêÌá½»×ÊÖÊ¡£
ÔÚºóÌ¨Ó¦ÓÃÖÐÐÄ´´½¨¶à¸öÓ¦ÓÃÖÐÐÄÃû³Æ£¬ºóÌ¨Ìá¹©²éÑ¯¶©µ¥¹¦ÄÜ¡£
ÏÔÊ¾Ö§¸¶²úÆ·£¨Ö§¸¶Í¨µÀ£©£¬ÉÌÆ·Ãû³ÆµÈ¡£²¢ÇÒ¿ÉÊµÏÖ¸÷·ÖµêµÄ¶þÎ¬ÂëÇø·Ö±ãÓÚ×Üµê²éÑ¯¶©µ¥¹ÜÀí¡£	",-,2017/11/14 18:10,2017/11/22 17:33
1011381,"Ö§¸¶²úÆ·£º¾ÛºÏÖ§¸¶£¨Ö±Áª£©	","¾ÛºÏÖ§¸¶£¨Ö±Áª£©Ö§³ÖµÄµÚÈý·½Ö§¸¶Æ½Ì¨	","¸¶Ç®À­¿Í·þ-803	","Î¢ÐÅ
Ö§¸¶±¦
¾©¶«Ç®°ü
°Ù¶ÈÇ®°ü
¿ìÇ®
Ò×±¦
ÒøÁªÍøÒø
APPLE PAY	",-,2017/11/13 13:33,2017/11/13 13:33
1011382,"Ö§¸¶²úÆ·£º¾ÛºÏÖ§¸¶£¨Ö±Áª£©	","¾ÛºÏÖ§¸¶£¨Ö±Áª£©¿ªÍ¨µÄÌõ¼þ	","¸¶Ç®À­¿Í·þ-803	","1¡¢ÓÐÖ§¸¶³¡¾°
2¡¢PCÍøÒ³ÓÐICP±¸°¸
3¡¢APPÓÐÖ§¸¶ÏêÇé½ØÍ¼
4¡¢¹«ÖÚºÅÓÐ·þÎñºÅ
5¡¢H5Ò³Ãæ±¸°¸
6¡¢ÆóÒµ½áËã¶Ô¹«
7¡¢¸öÌå½áËã¶Ô¹«
¸öÈËÔÝ²»Ö§³Ö½ÓÈë	",-,2017/11/13 13:33,2017/11/20 17:26
1011416,"Ö§¸¶²úÆ·£º¾ÛºÏÖ§¸¶£¨Ö±Áª£©	","¹ÉÆ±ÐÐÒµ½ÓÈë£¬¹ÉÆ±¿ªÍ¨¾ÛºÏÖ§¸¶	","¸¶Ç®À­¿Í·þ-803	","¹ÉÆ±ÐÐÒµ²»Ö§³Ö½ÓÈë¡£	",-,2017/11/13 19:36,2017/11/20 17:29
1011435,"Ö§¸¶²úÆ·£º¾ÛºÏÖ§¸¶£¨Ö±Áª£©	","Õë¶Ô¿ç¾³Ö§¸¶½ÓÈë£¬ÎÒÃÇºóÐøÊÇ·ñ»á½øÐÐ¿ª·¢£¿	","¸¶Ç®À­¿Í·þ-803	","¿ç¾³Ö§¸¶ºóÐø»á½øÐÐ¿ª·¢£¬Ä¿Ç°À´½²Ö»Ö§³Ö¾³ÄÚÖ§¸¶¡£	",-,2017/11/14 18:10,2017/11/20 17:30
1011456,"Ö§¸¶²úÆ·£º¾ÛºÏÖ§¸¶£¨Ö±Áª£©	","Î¢½»Ò×/Î¢ÅÌ½ÓÈë£¬Î¢½»Ò×/Î¢ÅÌ¿ªÍ¨¾ÛºÏÖ§¸¶	","¸¶Ç®À­¿Í·þ-803	","ÓÉÓÚÎ¢½»Ò×¼°Î¢ÅÌ·çÏÕ½Ï¸ß£¬Ä¿Ç°ÔÝ²»Ö§³Ö½ÓÈë	",-,2017/11/15 11:46,2017/11/20 17:36
1011464,"Ö§¸¶²úÆ·£º¾ÛºÏÖ§¸¶£¨Ö±Áª£©	","¾ÛºÏÖ§¸¶Ö±ÁªÄ£Ê½·ÑÂÊ/¾ÛºÏÖ§¸¶·ÑÂÊ	","¸¶Ç®À­¿Í·þ-803	","¾ÛºÏÖ§¸¶Ö±ÁªÄ£Ê½·ÑÂÊ0.6%-2%Ö®¼ä£¬¾ßÌå¸ù¾ÝÐÐÒµÀà±ðÇø·Ö£¬Êµ¼Ê·ÑÂÊÒÔ¹Ù·½Ç©¶©µÄµç×ÓÐ­ÒéÎª×¼	",-,2017/11/15 15:22,2017/11/20 17:38
1011467,"Ö§¸¶²úÆ·£º¾ÛºÏÖ§¸¶£¨Ö±Áª£©	","¾ÛºÏÖ§¸¶£¨Ö±Áª£©ÉêÇë×ÊÁÏ/¾ÛºÏÖ§¸¶ÉêÇë×ÊÁÏ	","¸¶Ç®À­¿Í·þ-803	","¹«Ë¾×ÊÖÊ
¹«Ë¾ÎåÖ¤£ºÓªÒµÖ´ÕÕ£¬×éÖ¯»ú¹¹´úÂëÖ¤£¬Ë°ÎñµÇ¼ÇÖ¤£¬¿ª»§Ðí¿ÉÖ¤£¬·¨ÈËÉí·ÝÖ¤¡£
ÈôÈýÖ¤ºÏÒ»£¬ÔòÌá¹©ÓªÒµÖ´ÕÕ£¬¿ª»§Ðí¿ÉÖ¤£¬·¨ÈËÉí·ÝÖ¤
¹«Ë¾±ØÐëÎªÖÐ¹ú´óÂ½×¢²áµÄ¹«Ë¾
²úÆ·×ÊÁÏ
App £ºÐè App ²úÆ·½ØÍ¼£¬¼´App Ê×Ò³¡¢Î²Ò³¡¢²úÆ·ÏêÇéÒ³¡¢Ö§¸¶Ò³¡£
PC £ºÐè±£Ö¤ PC ¶ËÍøÒ³ÒÑ½øÐÐ¹ý ICP ±¸°¸£¬ÇÒ¿ÉÒÔÕý³£·ÃÎÊ£¬²¢ÓÐÒ»¶¨µÄÖ§¸¶³¡¾°¡£
H5 £ºÐè±£Ö¤ÍøÖ·ÒÑ½øÐÐ¹ý ICP ±¸°¸£¬ÇÒ¿ÉÒÔÕý³£·ÃÎÊ£¬²¢ÓÐÒ»¶¨µÄÖ§¸¶³¡¾°¡£	",-,2017/11/15 16:09,2017/11/20 17:38
1011497,"Ö§¸¶²úÆ·£º¾ÛºÏÖ§¸¶£¨Ö±Áª£©	","¾ÛºÏÖ§¸¶¸÷Í¨µÀ·ÑÂÊ/½ÓÈë·ÑÂÊ/¾ÛºÏÖ§¸¶¸÷Í¨µÀ·ÑÓÃ/Í¨µÀ½ÓÈë·ÑÓÃ	","¸¶Ç®À­¿Í·þ-803	","	","http://help.fuqianla.net/attachments/download/4260638/0015a0e7ec743893260be41da84292b/?filename=%E6%94%B6%E8%B4%B9+%E8%B4%B9%E7%8E%87%E8%A1%A8%EF%BC%88%E6%96%B0%E7%89%88%EF%BC%89.xlsx	",2017/11/17 14:14,2017/11/17 14:20
1011503,"Ö§¸¶²úÆ·£º¾ÛºÏÖ§¸¶£¨Ö±Áª£©	","¾ÛºÏÖ§¸¶Ö±ÁªÄ£Ê½£ºÆåÅÆ/ÊÓÆµ/Ö±²¥/ÓÎÏ·ÐÐÒµ£¬ÐèÒª¾ß±¸µÄ×ÊÖÊ	","¸¶Ç®À­¿Í·þ-803	","ÆåÅÆ/ÊÓÆµ/Ö±²¥/ÓÎÏ·¾ß±¸×ÊÖÊÐè¾ß±¸ÒÔÏÂ×ÊÁÏ·½¿ÉÒÔÉêÇë£º
ÆóÒµ×ÊÖÊÉêÇë
¶Ô¹«½áËã
¾ß±¸ÍøÂçÎÄ»¯Ðí¿ÉÖ¤	",-,2017/11/20 14:15,2017/11/20 17:30
1011522,"Ö§¸¶²úÆ·£º¾ÛºÏÖ§¸¶£¨Ö±Áª£©	","¾ÛºÏÖ§¸¶ÏÞ¶î/Ö±ÁªÄ£Ê½ÏÞ¶î	","¸¶Ç®À­¿Í·þ-803	","¾ÛºÏÖ§¸¶ÏÞ¶î²ÎÕÕµÚÈý·½Ö§¸¶Æ½Ì¨¹Ù·½¶î¶È¡£
ÎÂÜ°ÌáÊ¾£º·Ç·¨Ì×ÏÖ¡¢¶ñÒâË¢µ¥»áÃæÁÙÉÌ»§Í¨µÀ¶î¶Èµ÷Õû»ò¹Ø±Õ·çÏÕ¡£	",-,2017/11/22 17:54,2017/11/22 17:58
1011385,"Ö§¸¶²úÆ·£º¾ÛºÏÖ§¸¶£¨Ö±Áª£©-Î¢ÐÅ½Ó¿Ú	","¹«ÒæÐÐÒµÀàÄ¿ÀýÈçºìÊ®×Ö»á¾è¿îÊÇ·ñ¿ÉÒÔ½ÓÈëÎ¢ÐÅÖ§¸¶£¿	","¸¶Ç®À­¿Í·þ-803	","ÏßÉÏÖ§¸¶¿ÉÒÔ£¬ÏßÏÂÉ¨Âë¿Éµ¥¶ÀÉêÇë¡£Ä¿Ç°Î¢ÐÅÓÐÕâ¸öÀàÄ¿£¬¿ÉÒÔÉóºË¡£	",-,2017/11/13 13:33,2017/11/20 17:09
1011441,"Ö§¸¶²úÆ·£º¾ÛºÏÖ§¸¶£¨Ö±Áª£©-Î¢ÐÅ½Ó¿Ú	","Î¢ÐÅÖ§¸¶²»Ö§³Ö¾­Óª·¶Î§/Î¢ÐÅ²»Ö§³ÖÀàÄ¿	","¸¶Ç®À­¿Í·þ-803	","ÈçÉêÇëµÄÆóÒµÎª¡°²»Ö§³Ö½ÓÈëµÄ¾­ÓªÀàÄ¿¡±Ïà¹ØµÄÆóÒµ£¬ÉêÇë½«±»²µ»Ø¡£
µã»÷²é¿´Á´½ÓÁË½â£ºhttp://kf.qq.com/faq/140225MveaUz150123raQRNN.html
²»Ö§³ÖÒ»Ôª¹º
²»Ö§³Ö½ðÈÚÀà	",-,2017/11/14 18:10,2017/11/20 17:35
1011442,"Ö§¸¶²úÆ·£º¾ÛºÏÖ§¸¶£¨Ö±Áª£©-Î¢ÐÅ½Ó¿Ú	","Î¢ÐÅÖ§¸¶£¬ÊÇ·ñ¿ÉÒÔÊµÏÖÍ¬Ò»APP°ó¶¨¶à¸öÉÌ»§ºÅ¡£	","¸¶Ç®À­¿Í·þ-803	","ÔÝÊ±²»¿ÉÒÔ	",-,2017/11/14 18:10,2017/11/20 17:16
1011443,"Ö§¸¶²úÆ·£º¾ÛºÏÖ§¸¶£¨Ö±Áª£©-Î¢ÐÅ½Ó¿Ú	","ÓÐÎ¢ÐÅ·þÎñºÅ£¬ÓÉÓÚ½»Ò×ÆÚ¼äÎ¥¹æ²Ù×÷µ¼ÖÂÌÚÑ¶ÒÑ½«ÆäÉÌ»§ºÅ·â±Õ²»ÄÜ½»Ò×¡£ÊÇ·ñ¿ÉÒÔÉêÇë½ÓÈë£¿	","¸¶Ç®À­¿Í·þ-803	","²»¿ÉÒÔ£¬ÐèÒªÈÏÖ¤µÄÉÌ»§Ö÷ÌåÓëºóÐøÉêÇëÎ¢ÐÅÖ§¸¶È¨ÏÞµÄÉÌ»§Ö÷Ìå±£³ÖÒ»ÖÂ¡£
ÈôÒ»ÖÂµÄ»°ÄÇÃ´Ö®Ç°µÄ±»·â±ÕµÄÎ¢ÐÅÖ§¸¶ÕË»§£¬ÊÇÎÞ·¨×ö½ÓÈëµÄ¡£	",-,2017/11/14 18:10,2017/11/20 17:08
1011417,"Ö§¸¶²úÆ·£º¾ÛºÏÖ§¸¶£¨Ö±Áª£©-ÒøÁªÍ¨µÀ	","ÒøÁªÊÇ·ñÖ§¸¶ÐÅÓÃ¿¨ºÍ´¢Ðî¿¨ÒÔ¼°°üº¬¹ú¼Ê¿¨	","¸¶Ç®À­¿Í·þ-803	","ÒøÁªÔÚÏßÖ§¸¶Æ½Ì¨ÊÇ±¾ÉíÊÇÖ§³Ö´¢Ðî¿¨¼°ÐÅÓÃ¿¨Ö§¸¶µÄ¡£
µ«ÎÒË¾Ä¿Ç°Ö§³Ö¾³ÄÚÖ§¸¶½ÓÈë£¬¾³Íâ£¨¹ú¼Ê¿¨£©Ä¿Ç°»¹ÊÇ¿ª·¢ÖÐ¡£	",-,2017/11/13 19:36,2017/11/20 17:29
1011431,"Ö§¸¶²úÆ·£º¾ÛºÏÖ§¸¶£¨Ö±Áª£©-ÒøÁªÍ¨µÀ	","ÒøÁªÖ§¸¶Ö§³ÖÐÅÓÃ¿¨¡¢´¢Ðî¿¨ÒÔ¼°¹ú¼Ê¿¨/¿ç¾³	","¸¶Ç®À­¿Í·þ-803	","ÒøÁªÔÚÏßÖ§¸¶Æ½Ì¨ÊÇ±¾ÉíÊÇÖ§³Ö´¢Ðî¿¨¼°ÐÅÓÃ¿¨Ö§¸¶µÄ¡£µ«ÎÒË¾Ä¿Ç°Ö§³Ö¾³ÄÚÖ§¸¶½ÓÈë£¬¾³Íâ£¨¹ú¼Ê¿¨£©Ä¿Ç°»¹ÊÇ¿ª·¢ÖÐ¡£	",-,2017/11/14 18:10,2017/11/20 17:10
1011432,"Ö§¸¶²úÆ·£º¾ÛºÏÖ§¸¶£¨Ö±Áª£©-ÒøÁªÍ¨µÀ	","ÉêÇë½ÓÈëÒøÁªÖ§¸¶Ìõ¼þ/ÒøÁªÍ¨µÀ¿ªÍ¨Ìõ¼þ/ÒøÁª¿ªÍ¨/ÒøÁª½ÓÈë	","¸¶Ç®À­¿Í·þ-803	","1¡¢ÄúÐèÒª¾ßÓÐ½ÓÈëÒøÁªµÄ»¥ÁªÍøµç×ÓÉÌÎñÍøÕ¾£¬»òÕßÊÖ»ú¶Ëµç×ÓÉÌÎñWAPÒ³Ãæ»òAPP¡£?
2¡¢ÈëÍøÉêÇë²ÄÁÏÄúÐèÌá½»ÓªÒµÖ´ÕÕ¡¢Ë°ÎñµÇ¼ÇÖ¤¡¢·¨ÈËÉí·ÝÖ¤¸´Ó¡¼þ¡¢ICP±¸°¸ÐÅÏ¢µÈ²ÄÁÏµÄÉ¨Ãè¼þ¡£?
3¡¢ÄúÐèÒª¾ß±¸ÓÃÓÚ×Ê½ðÈëÕËµÄ¶Ô¹«ÕË»§¡£	",-,2017/11/14 18:10,2017/11/20 17:15
1011433,"Ö§¸¶²úÆ·£º¾ÛºÏÖ§¸¶£¨Ö±Áª£©-ÒøÁªÍ¨µÀ	","ÒøÁªÏÞ¶î	","¸¶Ç®À­¿Í·þ-803	","Äú¿ÉÏÈ²Î¿¼£¨https://static.95516.com/static/help/detail_38.html£© ÆäÖÐµÄ¡°ÒøÁª¿¨Ö§¸¶ÏÞ¶î¡±¡£
Í¬Ê±£¬Êµ¼Ê¿ÉÖ§¸¶½ð¶îÒòÉÌ»§²»Í¬¶øÓÐËù²»Í¬£º
ÒøÁª¹æ¶¨º½¿ÕÊÛÆ±¡¢¾ÆµêÉÌÂÃ¡¢½ÌÓýÊÕ·ÑÀàÉÌ»§µ¥±ÊºÍÈÕÀÛ¼ÆÏÞ¶î¾ùÎª10000Ôª£» ÊýÂëµç×ÓÀàµ¥±ÊºÍÈÕÀÛ¼ÆÏÞ¶î¾ùÎª5000Ôª£»Ò»°ãÀàÉÌ»§µ¥±Ê2000Ôª£¬ÈÕÀÛ¼Æ5000Ôª£»ÐéÄâÉÌÆ·£¨ÓÎÏ·µã¿¨¡¢³äÖµµÈ£©Ààµ¥±Ê500Ôª£¬ÈÕÀÛ¼Æ2000 Ôª£»²ÊÆ±Ààµ¥±ÊºÍÈÕÀÛ¼Æ¾ùÎª500Ôª¡£	",-,2017/11/14 18:10,2017/11/20 17:14
1011436,"Ö§¸¶²úÆ·£º¾ÛºÏÖ§¸¶£¨Ö±Áª£©-ÒøÁªÍ¨µÀ	","ÒøÁªÖ§¸¶²úÆ·/ÒøÁª²úÆ·	","¸¶Ç®À­¿Í·þ-803	","Íø¹ØÖ§¸¶: ÒøÁªÔÚÏßÖ§¸¶Íø¹ØÊÇÖÐ¹úÒøÁªÁªºÏ¸÷ÉÌÒµÒøÐÐÎª³Ö¿¨ÈËÌá¹©µÄ¼¯³É»¯¡¢×ÛºÏÐÔ»¥ÁªÍøÖ§¸¶¹¤¾ß£¬Ö÷ÒªÖ§³ÖÊäÈë¿¨ºÅ¸¶¿î¡¢ÓÃ»§µÇÂ¼Ö§¸¶¡¢ÍøÒøÖ§¸¶¡¢ÃÔÄã¸¶£¨IC¿¨Ö§¸¶£©µÈ¶àÖÖÖ§¸¶·½Ê½£¬Îª³Ö¿¨ÈËÌá¹©¾³ÄÚÍâÍøÉÏ¹ºÎï¡¢Ë®µçÃº½É·Ñ¡¢ÉÌÂÃÔ¤¶©µÈÖ§¸¶·þÎñ¡£?
ÊÖ»ú¿Ø¼þÖ§¸¶: ÒøÁªÊÖ»ú¿Ø¼þÖ§¸¶ÊÇÖÐ¹úÒøÁªÍÆ³öµÄÊÖ»úÖ§¸¶²úÆ·£¬¿ÉÒÔÍ¨¹ýÒøÐÐ¿¨½øÐÐ°²È«µÄ¡¢±ã½ÝµÄ¼´Ê±Ö§¸¶¡£ÓÃ»§ÔÚÒøÁªÇ©Ô¼ÉÌ»§µÄÊÖ»ú¿Í»§¶Ë¡¢ÊÖ»úÍøÕ¾½øÐÐ¸¶¿îÊ±£¬°²È«Ö§¸¶¿Ø¼þ¿ÉÒÔ±£ÕÏÓÃ»§ÒøÐÐ¿¨ÐÅÏ¢µÄ°²È«¡£?
Apple Pay£ºÒøÁªApple PayÊÖ»úÖ§¸¶¿Ø¼þÊÇÖÐ¹úÒøÁªÍÆ³öµÄApple PayÊÖ»úÖ§¸¶½â¾ö·½°¸£¬ÉÌ¼Ò¿ÉÒÔÍ¨¹ýÔÚAPPÖÐÇ¶ÈëÒøÁªSDK¿Ø¼þ£¬°²È«¡¢±ã½ÝµÄÊµÏÖApple PayÖ§¸¶¡£?
ÒøÁªÖ§¸¶²úÆ·ÓÐÊÊÓ¦¸÷ÀàÖ§¸¶³¡¾°µÄ²úÆ·£¬³ýÁËÄ¿Ç°ÔÚÏßÌá½»ÈëÍøµÄÈýÖÖ²úÆ·£¬ÒøÁª»¹Ìá¹©ÊµÌåÉÌ»§POSÊÕ¿îÒµÎñ¡¢´úÊÕÒµÎñ¡¢´ú¸¶ÒµÎñ¡¢ÓïÑÔÖ§¸¶¡¢ÒøÁªÇ®°üÓÅ»ÝÈ¯µÈÖÚ¶à²úÆ·£¬¾´ÇëÄú¹Ø×¢ÎÒÃÇµÄÍøÕ¾¡£
ÈçÄúÐèÇ©Ô¼ÆäËûÒøÁªÖ§¸¶²úÆ·£¬¿ÉÖÂµçÒøÁª¿Í·þµç»°95516×ÉÑ¯¡£	",-,2017/11/14 18:10,2017/11/20 17:32
1011387,"Ö§¸¶²úÆ·£º¾ÛºÏÖ§¸¶£¨¼äÁª£©	","¾ÛºÏÖ§¸¶£¨¼äÁª£©Ö§³ÖµÄµÚÈý·½Ö§¸¶Æ½Ì¨	","¸¶Ç®À­¿Í·þ-803	","Î¢ÐÅ
Ö§¸¶±¦
¾©¶«Ç®°ü
°Ù¶ÈÇ®°ü
¿ìÇ®
Ò×±¦
ÒøÁªÍøÒø
APPLE PAY	",-,2017/11/13 13:33,2017/11/16 15:37
1011388,"Ö§¸¶²úÆ·£º¾ÛºÏÖ§¸¶£¨¼äÁª£©	","¾ÛºÏÖ§¸¶£¨¼äÁª£©¿ªÍ¨µÄÌõ¼þ	","¸¶Ç®À­¿Í·þ-803	","ÓÐÖ§¸¶³¡¾°
PCÍøÒ³ÓÐ±¸°¸
?APPÓÐ½ØÍ¼
?¹«ÖÚºÅÓÐ·þÎñºÅ
?H5±¸°¸
?ÆóÒµ½áËã¶Ô¹«
?¸öÌå½áËã¶Ô¹«
¸öÈËÒ²¿ÉÒÔ½ÓÈë	",-,2017/11/13 13:33,2017/11/16 15:37
1011438,"Ö§¸¶²úÆ·£º¾ÛºÏÖ§¸¶£¨¼äÁª£©	","H5³¡¾°£¬ÊÇ·ñ¿ÉÒÔ½ÓÈëÎ¢ÐÅÖ§¸¶¡¢Ö§¸¶±¦£¿	","¸¶Ç®À­¿Í·þ-803	","Î¢ÐÅ£º²»¿ÉÒÔ¡£
Ä¿Ç°H5Î¢ÐÅ·½»¹ÔÚÄÚ²âÃ»ÓÐ¾ßÌåµÄ¿ª·¢Íê³ÉÊ±¼ä£¬Ö»ÓÐÔÚ¹«ÖÚºÅ£¨»ùÓÚÎ¢ÐÅÄÚÖÃä¯ÀÀÆ÷ÄÚµÄÖ§¸¶£©ÖÐÊ¹ÓÃ¡£
Ö§¸¶±¦£º¿ÉÒÔ£¬Ö§³ÖÊÖ»úWAP£¬PC£¬APP	",-,2017/11/14 18:10,2017/11/20 17:34
1011426,"ÔöÖµ·þÎñ	","¸¶Ç®À­ÔöÖµ·þÎñÏî/ÔöÖµ·ÖÀà	","¸¶Ç®À­¿Í·þ-803	","´ú¿Û´ú¸¶
¿ì½ÝÖ§¸¶
ÍøÒø £¨B2B £©Ö§¸¶
ÍøÒø £¨B2C£©Ö§¸¶
Òø¹ÜÍ¨
ÉÌÒ×Í¨
°Ë·½Êý¾Ý
·ÖÆÚÖ§¸¶
Éú»î½É·Ñ
¹©Ó¦Á´½ðÈÚ
ÆóÒµÀí²Æ
ÏÖ½ðÂÞÅÌ
Á÷Á¿±äÏÖ	",-,2017/11/14 11:38,2017/11/28 09:42
1003027,"ÔöÖµ·þÎñ-ÏÖ½ðÂÞÅÌ	","Ê²Ã´ÊÇÏÖ½ðÂÞÅÌ/ÏÖ½ðÂÞÅÌ½éÉÜ	","¸¶Ç®À­¿Í·þ-801	","¡°ÏÖ½ðÂÞÅÌ¡±Í¨¹ý¶Ô½Ó¹úÄÚÖ÷Á÷ÒøÐÐ£¬Îª¹ã´óÆóÒµ¿Í»§Ìá¹©¼ò±ãÒ×ÓÃ¡¢¹¦ÄÜÍêÉÆ¡¢°²È«¿É¿¿µÄ¿çÒøÐÐ×Ê½ðÁ÷¶¯ÐÔ¹ÜÀíÆ½Ì¨£¬Ö¼ÔÚ°ïÖú¿Í»§¼ò»¯ÏÖ½ð¹ÜÀí²Ù×÷¡¢½µµÍ×Ê½ð³É±¾¡¢Ìá¸ß×Ê½ðÊÕÒæ¡£
Ò»¸öÏÖ½ðÂÞÅÌÆóÒµ¶à¸öÒøÐÐÕË»§×Ê½ð¹é¼¯ÓëÖ§³ö¹ÜÀí£¬×Ô¶¯±¨±íÉú³ÉÓëÆóÒµ×Ê²úÔöÖµ·þÎñ¡£	",-,2017/4/11 16:11,2017/11/27 17:01
1003028,"ÔöÖµ·þÎñ-ÏÖ½ðÂÞÅÌ	","ÏÖ½ðÂÞÅÌµÄÊÊÓÃ·¶Î§/ÏÖ½ðÂÞÅÌ·¶Î§	","¸¶Ç®À­¿Í·þ-801	","ÏÖ½ðÂÞÅÌ¡°²úÆ·²»ÏÞÐÐÒµ²»ÏÞÆóÒµ¹æÄ££¬ÈëÍøÆóÒµÖ÷Òª½áËãÒµÎñÎªÆóÒµ¿Í»§£¬¶ø·Ç¸öÈË¿Í»§
Ä¿±ê¿Í»§ÊÇµ«²»½öÏÞÓÚÖÐÐ¡Î¢ÆóÒµ£¬¶øÊÇËùÓÐÆóÒµÓÃ»§¡£
ÓÉÓÚÃ¿¼ÒÆóÒµ¶¼ÓÐÏÖ½ð¹ÜÀí²ãÃæµÄÐèÇóÍ´µã£¬µ«ÊÇÍùÍùÖÐÐ¡ÆóÒµÖ÷ÎÞ·¨½«ÆäÀí½âµ½ÏÖ½ð¹ÜÀíµÄ¸ß¶È£¬ÏÖ½ð¹ÜÀíÏ°¹ß¼±ÐèÑø³É¡£²úÆ·¾ÍÊÇÍ¨¹ý¼òµ¥µÄ²Ù×÷ÎªÆóÒµÖ÷Ñø³ÉÕâÖÖÏ°¹ßÌá¹©¹¤¾ß	",-,2017/4/11 16:12,2017/11/27 17:01
1003029,"ÔöÖµ·þÎñ-ÏÖ½ðÂÞÅÌ	","Àí²Æ¡¢¹é¼¯×Ê½ðµÈ£¬ÊÇÆóÒµÐèÇó£¬µ«ÊÇ´óÆóÒµ»òÉÏÊÐ¹«Ë¾ÓÐ¸üºÃµÄÆäËûÇþµÀÊµÏÖ	","¸¶Ç®À­¿Í·þ-801	","ÏÖ½ðÂÞÅÌ²úÆ·±¾ÉíµÄ²úÆ·¶¨Î»¾ÍÊÇÆÕ»ÝÐÍµÄÏÖ½ð¹ÜÀíÀà²úÆ·£¬´Ó²úÆ·¶¨¼Û¿ÉÒÔ¿´³ö£¬²úÆ·Ä¿±êÊÇÈÃ¸ü¹ã´óµÄÖÐÐ¡Î¢ÆóÒµÑø³ÉÏÖ½ð¹ÜÀíµÄÏ°¹ß£¬ÕæÕý´Ó¿Æ¼¼½ðÈÚÖÐÊÜÒæ¡£
´óÐÍÆóÒµ»òÕßÉÏÊÐÆóÒµ×ÔÉíµÄERPÏµÍ³±¾Éí¿ÉÄÜÒÑ¾­Ó¦ÓÃÓÉERP³§ÉÌÌá¹©µÄÏÖ½ð¹ÜÀíÄ£¿é£¬¿ÉÒÔÊµÏÖ¸¶¿îÍ¨µÀ¡¢×Ê½ð¹é¼¯»òÏÖ½ð³ØÒµÎñ£¬¼¸Ê®ÍòµÄÄ£¿éÊ¹ÓÃ·Ñ¶ÔÓÚ¸ß¶îµÄERPÏµÍ³ÊÕ·ÑÀ´ËµÎ¢²»×ãµÀ£»»òÕßÖ±½ÓÕÒÒøÐÐ¿ª·¢½Ó¿Ú¶Ô½ÓERPÏµÍ³£¬µ«ÊÇÒøÐÐÄÜ×öµ½µÄ·þÎñºÜÓÐÏÞ£¬±ÈÈçÔÚ×Ê½ð¹é¼¯ÖÐÖ»ÄÜ»ã¼¯±¾ÐÐÕË»§×Ê½ð£¬¿çÐÐ¹é¼¯ÒªÍ¨¹ý³¬¼¶ÍøÒø£¬¶î¶ÈÒªÊÜ¶Ô·½ÐÐÏÞÖÆ£¬Ïà±È×¨Òµ×ö²ÆÎñÈí¼þµÄ¹«Ë¾À´ËµÓÖ²»¾Í¹»×¨Òµ£¬¸ü¶àÔöÖµ·þÎñÊµÏÖ¡¢°üÀ¨Êý¾Ý·ÖÎöÎÞ´ÓÏÂÊÖ¡£ÏÖ½ðÂÞÅÌ²úÆ·¶ÔÓÚ¾ø´ó¶àÊýÓµÓÐERPÏµÍ³¶øÃ»ÓÐ¿ªÍ¨ÏÖ½ð¹ÜÀíÄ£¿é¼°´òÍ¨ÒøÐÐÖ§¸¶Í¨µÀµÄ´óÐÍÆóÒµÀ´ËµÒ²ÊÇÒ»ÖÖÑ¡Ôñ£¬×÷ÎªERPµÄÖ§¸¶Í¨µÀÏÖ½ðÂÞÅÌ²úÆ·ÔÚ¼Û¸ñÉÏµÄÓÅÊÆÍ¹ÏÖ¡£
ÖÐÐ¡Î¢ÆóÒµÑ¡ÔñÏÖ½ðÂÞÅÌ²úÆ·µÄ¶¯Á¦ÔÚÓÚ×¨ÒµµÄÏÖ½ð¹ÜÀí²úÆ·ºÍµÍÁ®µÄ¼Û¸ñ£¬¸üÓÐÔÚÏßÍ¶ÈÚ×Ê²úÆ·Ö§³Ö£¬»¹ÓÐÈ«·½Î»µÄÔöÖµ·þÎñ¡£	",-,2017/4/11 16:14,2017/11/27 17:02
1003030,"ÔöÖµ·þÎñ-ÏÖ½ðÂÞÅÌ	","ÏÖ½ðÂÞÅÌÄÜ¹»¶ÔÆóÒµÓÐÊ²Ã´°ïÖú	","¸¶Ç®À­¿Í·þ-801	","Ã¿¸öÆóÒµ¶¼¿ÉÄÜÃæ¶ÔÒøÐÐÕË»§·ÖÉ¢¡¢¿çÐÐ¹ÜÀí¶àÍ·ÕË»§£»×Ê½ð¼à¿ØÄÑ£¬ÎÞ·¨ÊµÊ±ÁË½âÆóÒµ×Ê½ð×´¿ö£»×Ê½ðÈ±·¦µ÷¼Á£»×Ê½ð½áËã³É±¾¸ß£»×Ê½ðÏÐÖÃ¼°È±¿ÚÎÞ·¨¼°Ê±ÁË½â£»²»Ï£ÍûÍ¶Èë´óÁ¿×Ê½ð½â¾öÏÖ½ð¹ÜÀíÎÊÌâµÈµÈÒ»ÏµÁÐÎÊÌâ£¬¡°ÏÖ½ðÂÞÅÌ¡±Õë¶ÔÒÔÉÏÎÊÌâÎª¿Í»§Ìá¹©½â¾ö·½°¸£¬ÊÖ»úAPPÓëWEBÏà½áºÏ£¬ÀÏ°åËæÊ±ËæµØÁË½â¹«Ë¾²ÆÎñÏÖ×´£¬¿ìËÙ°ÑÎÕÉÌ»ú¡£
¡°ÏÖ½ðÂÞÅÌ¡±²úÆ·µÄÐû´«ÓïÖÐÌåÏÖµÄÊÇ£ºÅàÑøÖÐÐ¡ÆóÒµÏÖ½ð¹ÜÀíÏ°¹ß£¬×öÈËÈË¶¼ÓÃµÄÆðµÄÆóÒµÏÖ½ð¹ÜÀí²úÆ·£»½«ÏÖ½ð¹ÜÀí·Å½øÀÏ°åµÄ¿Ú´üÀï¡£	",-,2017/4/11 16:14,2017/11/27 17:03
1003031,"ÔöÖµ·þÎñ-ÏÖ½ðÂÞÅÌ	","ÏÖ½ðÂÞÅÌ³ýÁËÒøÐÐÕË»§×Ê½ð¹é¼¯»¹ÄÜÌá¹©Ê²Ã´·þÎñ	","¸¶Ç®À­¿Í·þ-801	","ÏÖ½ðÂÞÅÌ³ýÁËÊµÏÖÆóÒµ×Ê½ð¡¢½áËã¡¢ÐÅÏ¢µÄ¼¯ÖÐ»¯¹ÜÀí£¬ÌáÉýÆóÒµÔËÓª¼°×Ê½ðÊ¹ÓÃÐ§ÂÊ¼°ÕûÌåµ÷¿ØÄÜÁ¦£¬»¹¿ÉÒÔÎªÆóÒµ¿ªÕ¹¶àÔª»¯µÄÆóÒµÈÚ×Ê¡¢Àí²Æ»î¶¯ÒÔ¼°Ìá¹©±¨Ïú¡¢´úÀí¡¢·¨ÂÉµÈÆóÒµ·þÎñ¡£	",-,2017/4/11 16:15,2017/11/27 17:04
1003032,"ÔöÖµ·þÎñ-ÏÖ½ðÂÞÅÌ	","ÏÖ½ðÂÞÅÌ¾ßÌå¹¦ÄÜ½éÉÜ/ÏÖ½ðÂÞÅÌ¹¦ÄÜ	","¸¶Ç®À­¿Í·þ-801	","ÏÖ½ðÂÞÅÌÆ½Ì¨¹¦ÄÜ½éÉÜ£º
¡îÕË»§¹ÜÀí£ºÍ¨¹ýÊÖ»úÈí¼þÄú¾Í¿ÉÒÔÊµÊ±ÕÆÎÕ²»Í¬ÒøÐÐ²»Í¬ÆóÒµÕË»§µÄÐÅÏ¢£¬ËæÒâÉèÖÃ²»Í¬¹«Ë¾¼Ü¹¹ÏÂµÄÆóÒµÓà¶î£¬Óà¶îÁ÷Ë®Ïë²é¾Í²é¡£
¡î¸¶¿î·þÎñ£ºÒ»Ì¨µçÄÔ¸ã¶¨ÄúËùÓÐÆóÒµÒøÐÐÕË»§µÄ¸¶¿îÒµÎñ£¬Í¨¹ýÐÅÏ¢»¯´¦Àí£¬ÎÒÃÇÉî¶È·â×°ÁËÆóÒµÈÕ³£¾­°ìµÄÒøÐÐÒµÎñ£¬ÊµÊ±/¶¨Ê±¡¢µ¥±Ê/ÅúÁ¿¸¶¿î£¬Ô±¹¤´ú·¢¹¤×Ê¡¢±¨Ïú£¬×Ê½ð³Ø×Ê½ð»®×ª£¬ÒÔÍùÃ¿ÔÂ»á¼Æ¶¼ÒªÃ¦·èµÄ¹¤×÷Í¨¹ýÎÒÃÇ¸ß¿Æ¼¼ÊÖ¶ÎÒ»²½½â¾ö¡£
¡î×Ê½ð¹é¼¯£ºÎÒÃÇ»¹ÓÐ×¨ÒµµÄ×Ê½ð³Ø·þÎñ£¬°Ñ²»Í¬ÒøÐÐÕË»§µÄ×Ê½ð¹é¼¯µ½Ò»¸ö³Ø×ÓÀïÀ´¹ÜÀí£¬Ìá¸ß×Ê½ðÊ¹ÓÃÐ§ÂÊ¡¢ÌáÉý×Ô¼º¼ÛÖµ£¬×Ê½ð¾ÍÏñ³Ø×ÓÀïµÄË®Ò»Ñù£¬Ïà»¥ÁªÏµ¡¢Á÷¶¯×ÔÓÉ£¬×Ê½ð³Ø¿ÉÊÇÒøÐÐµÄ´«Í³¸ß¼¶ÒµÎñ£¬ÎÒÃÇÆ½Ì¨°ÑÕâÏîÒµÎñÉî¶ÈÓÅ»¯£¬Í¨¹ýÌØ±ð¼òµ¥µÄ²Ù×÷ÊµÏÖ¸´ÔÓµÄ×Ê½ðÁ÷×ª¡£
¡îÀí²Æ·þÎñ£ºÎÒÃÇÆ½Ì¨µÄÆóÒµÀí²ÆÒµÎñÕë¶ÔÆóÒµ¿Í»§Á¿Éí´òÔì£¬Ëæ´æËæÈ¡£¬ÊÕÒæ»¹¸ß£¬ÒËÐÅ´óÆ·ÅÆÀí²Æ10ÄêÎÞÎ¥Ô¼£¬Âò×Å°²ÐÄ£¡
¡îÆ½Ì¨·þÎñ£ºÎÒÃÇ¾ÍÊÇÒª×ö·þÎñ¹ã´óÖÐÐ¡ÆóÒµµÄÏÖ½ð¹ÜÀí²úÆ·Æ½Ì¨£¬»áÂ½ÐøÔö¼ÓÔÚÏß·¨ÂÉÔ®Öú¡¢´úÀí¼ÇÕË¡¢ÒÆ¶¯±¨ÏúµÈÖÚ¶àÆóÒµÊµÓÃµÄÇþµÀ¹¦ÄÜ£¬Ò»Õ¾Ê½½â¾öÄúÆóÒµµÄ¹ÜÀíÐèÇó¡£	",-,2017/4/11 16:16,2017/11/27 17:04
1003033,"ÔöÖµ·þÎñ-ÏÖ½ðÂÞÅÌ	","ÏÖ½ðÂÞÅÌÊÊÓÃÒøÐÐ/ÓÐÐ©ÒøÐÐ²»ÔÚÊÊÓÃ·¶Î§	","¸¶Ç®À­¿Í·þ-801	","Ä¿Ç°ÏÖ½ðÂÞÅÌÓëÖÐ¹úÒøÐÐ¡¢ÖÐ¹ú¹¤ÉÌÒøÐÐ¡¢ÖÐ¹ú½¨ÉèÒøÐÐ¡¢ÕÐÉÌÒøÐÐ¡¢ÖÐÐÅÒøÐÐ¡¢¹ã·¢ÒøÐÐ¡¢ÆÖ·¢ÒøÐÐ¡¢Æ½°²ÒøÐÐÒÔ¼°ÃñÉúÒøÐÐ£¬9¼ÒÖ÷Á÷ÒøÐÐ½øÐÐºÏ×÷£¬Í¨¹ý¶Ô½ÓÖ÷Á÷ÒøÐÐÖ±Á¬ÏµÍ³£¬Îª¹ã´óÆóÒµ¿Í»§Ìá¹©¼ò±ãÒ×ÓÃ¡¢¹¦ÄÜÍêÉÆ¡¢°²È«¿É¿¿µÄ¿çÒøÐÐÕË»§¹ÜÀí¼°Á÷¶¯ÐÔ¹ÜÀíÆ½Ì¨¡£
ÆäËûÒøÐÐÎÒÃÇÕâ±ßÒ²»á¸ù¾Ý¿Í»§Ê¹ÓÃÇé¿öºÍ¿Í»§½¨ÒéÂ½ÐøÓëÒøÐÐ½øÐÐÐ­ÉÌ£¬Ä¿Ç°Èç¹ûÄúÓÐÆäËûÒµÎñ²»ÔÚÏÖ½ðÂÞÅÌµÄÊÊÓÃÒøÐÐ·¶Î§ÄÚ£¬³ýÁË½«×Ô¼ºÆóÒµ×Ê½ðÁ÷×ªÖÁÊÊÓÃ8¼ÒÒøÐÐÍâ»¹¿ÉÒÔËæÊ±¹Ø×¢ÎÒÃÇµÄÖ÷Á÷ÒøÐÐ¸²¸Ç·¶Î§¡£	",-,2017/4/11 16:16,2017/11/27 17:05
1003034,"ÔöÖµ·þÎñ-ÏÖ½ðÂÞÅÌ	","ÏÖ½ðÂÞÅÌ°²È«ÐÔ	","¸¶Ç®À­¿Í·þ-801	","×Ê½ðµÄ°²È«ÐÔºÍ±£ÃÜÐÔÎÊÌâ£¬Õâ¸öÎÊÌâÇë¹ó¹«Ë¾µÄÁìµ¼²»ÓÃµ£ÐÄ£¬Ê×ÏÈÔÛÃÇÆóÒµµÄ×Ê½ðÖ»»áÔÚ×Ô¼ºµÄÒøÐÐÕË»§Àï£¬³ýÁËÆóÒµ×Ô¼ºµÄ×Ê½ð¹ÜÀíÍ¬ÊÂÄÜÓÃ£¬ÆäËû¶¼ÓÃ²»ÁË£¬²¢ÇÒÎÒÃÇ»¹ÎªÃ¿¸ö¿É²Ù×÷ÓÃ»§·Ö·¢CFCAµÄU¶Ü£¬°²È«ÐÔÓëÒøÐÐÒ»ÖÂ¡£	",-,2017/4/11 16:16,2017/11/27 17:06
1003035,"ÔöÖµ·þÎñ-ÏÖ½ðÂÞÅÌ	","ÏÖ½ðÂÞÅÌ·ÑÓÃ/ÏÖ½ðÂÞÅÌÊÕ·Ñ/ÏÖ½ðÂÞÅÌ·ÑÂÊ	","¸¶Ç®À­¿Í·þ-801	","ÄúºÃ£¬¡°ÏÖ½ðÂÞÅÌ¡±·þÎñÊÇÊÕ·ÑµÄ£¬µ«ÊÇÏà¶ÔÓÚÄ¿Ç°¸÷ÒøÐÐÌá¹©µÄÏÖ½ð¹ÜÀí·þÎñ·ÑÓÃÊÇ·Ç³£µÍµÄ£¬Ê×ÏÈ¡°ÏÖ½ðÂÞÅÌ¡±·þÎñ²»ÊÜÇøÓòÓ°Ïì£¬²»·ÖÍ¬Ò»ÇøÓòÓë¿çÇøÓòÊÕ·Ñ£¬Æä´Î²Ù×÷·Ç³£¼È¼òµ¥²»ÐèÒª×¨ÒµÈËÔ±¹ÜÀí£¬¹«Ë¾²ÆÎñÈËÔ±¡¢ÀÏ°å¿ÉÒÔÑ¸ËÙÉÏÊÖÊ¹ÓÃ£¬¶øÇÒ¡°ÏÖ½ðÂÞÅÌ¡±²»ÐèÒªÆäËûÓ²¼þ°²×°¡£
ÎÒÃÇÊÇ°´ÕÕÒøÐÐÕË»§¹æÄ£¡¢ÒøÐÐÏÖ½ð¹ÜÀíÏµÍ³ÊÕ·Ñ£¨Í¬ÇøÓòºÍ¿çÇøÓò£©À´½øÐÐ»®·Ö£¬¾ßÌå¸ù¾Ý·´À¡¹óË¾Çé¿öºó¸øÄú½øÐÐ±¨¼Û¡£	",-,2017/4/11 16:23,2017/11/27 17:06
1003038,"ÔöÖµ·þÎñ-ÏÖ½ðÂÞÅÌ	","ÏÖ½ðÂÞÅÌÀí²Æ²úÆ·	","¸¶Ç®À­¿Í·þ-801	","Ä¿Ç°£¬ÎÒÃÇÎªÏÖ½ðÂÞÅÌ¿Í»§Ìá¹©ÊÊÓÃÓÚ×Ê½ðËæÓÃËæÈ¡µÄ¸ßÁ÷¶¯ÐÔÆóÒµÀí²Æ²úÆ·£¬ºÍ£¨1¡¢3¡¢6¡¢12¸öÔÂ£©¹Ì¶¨ÆÚÏÞÀí²Æ²úÆ·£¬¾ßÌå¿ÉÒÔÁôÏÂÄúµÄÁªÏµ·½Ê½£¬ÎÒÃÇ°²ÅÅËùÊô¸ºÔðÈËÓëÄú¹µÍ¨¡£	",-,2017/4/11 16:33,2017/11/27 17:08
1011598,"ÔöÖµ·þÎñ-Òø¹ÜÍ¨	","Òø¹ÜÍ¨²úÆ·½éÉÜ/×Ê½ð´æ¹Ü½éÉÜ/Òø¹ÜÍ¨½éÉÜ	","¸¶Ç®À­¿Í·þ-803	","Îª»¥ÁªÍøÍø´ûÆ½Ì¨£¨P2P£©Ìá¹©ÒøÐÐ×Ê½ð´æ¹Ü·þÎñ	",-,2017/11/27 17:26,2017/11/27 17:26
1011599,"ÔöÖµ·þÎñ-Òø¹ÜÍ¨	","ÒøÐÐ´æ¹ÜÌõ¼þ/Òø¹ÜÍ¨Ìõ¼þ/Òø¹ÜÍ¨½ÓÈë¶ÔÏó/×Ê½ð´æ¹Ü½ÓÈë?/×Ê½ð´æ¹ÜÒªÇó	","¸¶Ç®À­¿Í·þ-803	","ÒªÇó£º»¥ÁªÍøÍø´ûÆ½Ì¨£¨P2P£©£­¾­Óª·¶Î§Íø´ûÐÅÏ¢ÖÐ½é·þÎñ¡¢×¢²á×Ê½ð1000Íò£¬ÏßÉÏÆ½Ì¨£¬ÎÞ¸ºÃæÐÂÎÅ¡£	",-,2017/11/27 17:28,2017/11/27 17:28
1011600,"ÔöÖµ·þÎñ-Òø¹ÜÍ¨	","Òø¹ÜÍ¨ÈçºÎ´æ¹Ü/Òø¹ÜÍ¨´æ¹ÜÄ£Ê½	","¸¶Ç®À­¿Í·þ-803	","Òø¹ÜÍ¨²úÆ·ÊÇÖ±½ÓÌá¹©¸øP2PÆ½Ì¨Ê¹ÓÃµÄ¶Ô½ÓÖÚ°îÒøÐÐµÄ´æ¹ÜÏµÍ³ ? ? ?
Íø´ûÆ½Ì¨Í¨¹ýÒø¹ÜÍ¨¿ìËÙ½ÓÈëÒøÐÐ´æ¹ÜµÄÍ¬Ê±£¬P2PÆ½Ì¨»¹¿ÉÒÔ×ÔÓÉÑ¡ÔñÊÇ·ñÊ¹ÓÃÖÚ°îÒøÐÐÌá¹©µÄ¾ÛºÏÖ§¸¶·þÎñ	",-,2017/11/27 17:30,2017/11/27 17:30
1011601,"ÔöÖµ·þÎñ-Òø¹ÜÍ¨	","Òø¹ÜÍ¨¶Ô½ÓÖÜÆÚ/Òø¹ÜÍ¨½ÓÈëÖÜÆÚ/×Ê½ð´æ¹ÜÖÜÆÚ	","¸¶Ç®À­¿Í·þ-803	","°´ÕÕ±ê×¼Çé¿öÐèÒª30ÖÁ45Ìì×óÓÒ¡£	",-,2017/11/27 17:32,2017/11/27 17:32
1011602,"ÔöÖµ·þÎñ-Òø¹ÜÍ¨	","Òø¹ÜÍ¨ÊÕ·Ñ/Òø¹ÜÍ¨·ÑÓÃ/Òø¹ÜÍ¨·ÑÂÊ/×Ê½ð´æ¹Ü·ÑÓÃ/×Ê½ð´æ¹Ü·þÎñ·Ñ	","¸¶Ç®À­¿Í·þ-803	","·þÎñ·ÑÓÃÐèÒªÓë¿Í»§¾­ÀíÇ¢Ì¸	",-,2017/11/27 17:34,2017/11/27 17:34
1393,"ÔöÖµ·þÎñ-´ú¸¶´ú¿Û	","ÉÌ»§ÐèÒª´úÊÕ´ú¸¶·þÎñ	","¸¶Ç®À­¿Í·þ-801	","¿ÉÒÔÌá¹©£¬ÇëÁôÏÂÄúµÄÁªÏµ·½Ê½±ãÓÚÎÒÃÇ¸ºÔðÈËÓëÄúÏßÏÂ½øÐÐ¹µÍ¨¡£	",-,2016/9/21 19:28,2017/11/27 17:09
1011595,"ÔöÖµ·þÎñ-·ÖÆÚÖ§¸¶	","·ÖÆÚÖ§¸¶½éÉÜ	","¸¶Ç®À­¿Í·þ-803	","¸¶Ç®À­ÎªÉÌ»§Ìá¹©¶àÖÖ³¡¾°ÏÂµÄ·ÖÆÚ·þÎñ£¬Ê¹ÉÌ»§¾ß±¸Ìá¹©·ÖÆÚ¸¶¿î¡¢ ¡°°×Ìõ¡±Àà²úÆ·µÄÏû·Ñ½ðÈÚÔËÓªÄÜÁ¦¡£
ÏÈÏû·Ñºó¸¶¿îµÄÈ«ÐÂÏû·ÑÄ£Ê½£¬¿ÉÏû³ýÓÃ»§µÄ¹ºÂòÃÅ¼÷£¬ÈÃÐÅÓÃÌáÉýÓÃ»§Éú»îÆ·ÖÊ¡£	",-,2017/11/27 17:19,2017/11/27 17:19
1011596,"ÔöÖµ·þÎñ-·ÖÆÚÖ§¸¶	","·ÖÆÚÖ§¸¶Ö§³ÖÆÚÏÞ/·ÖÆÚÖ§¸¶ÖÜÆÚ/·ÖÆÚÖ§¸¶ÕËµ¥	","¸¶Ç®À­¿Í·þ-803	","Ö§³Ö1/3/6/9/12·ÖÆÚ£¬ÎªÓÃ»§Ìá¹©²Ù×÷¼òµ¥¡¢·ÑÓÃµÍÁ®µÄ·ÖÆÚ·þÎñ£¬ÈÃÐÅÓÃÌáÉýÓÃ»§Éú»îÆ·ÖÊ¡£	",-,2017/11/27 17:20,2017/11/27 17:20
1011597,"ÔöÖµ·þÎñ-·ÖÆÚÖ§¸¶	","·ÖÆÚÖ§¸¶Ìõ¼þ/·ÖÆÚÖ§¸¶¿ªÍ¨Ìõ¼þ/·ÖÆÚÖ§¸¶×¼Èë	","¸¶Ç®À­¿Í·þ-803	","1¡¢ÉÌ»§µÄ×¼ÈëÌõ¼þ£ºÔÂ½»Ò×¶î5000ÍòÒÔÉÏ
2¡¢³ÇÊÐ-1-2Ïß³ÇÊÐ
²»ÄÜÊÇÏßÏÂ3CÀàÉÌ»§	",-,2017/11/27 17:22,2017/11/27 17:22
1011603,"ÔöÖµ·þÎñ-°Ë·½Êý¾Ý	","°Ë·½Êý¾Ý½éÉÜ/°Ë·½Êý¾Ý²úÆ·½éÉÜ	","¸¶Ç®À­¿Í·þ-803	","°Ë·½Êý¾ÝÊÇÒ»¸öÒÀÍÐ»¥ÁªÍøÇþµÀ£¬Í¨¹ý´óÊý¾Ý¼¼Êõ×¥È¡£¬»ñÈ¡×¨Òµ»ú¹¹Êý¾ÝµÄÐÅÏ¢¼¼ÊõÆ½Ì¨¡£
ÎªÆóÒµÊä³öÈ«Ì×Êý¾ÝÕ÷ÐÅ£¬Ð£ÑéÐÅÏ¢ÕæÎ±£¬½µµÍ·çÏÕ£¬Ìá¸ßÐ§ÂÊµÄÕûÌå½â¾ö·½°¸¡£ÊÊÓÃÓÚÓÐÊý¾ÝÐèÇóµÄËùÓÐÐÐÒµ¡£	",-,2017/11/27 18:01,2017/11/27 18:01
1011755,"ÔöÖµ·þÎñ-°Ë·½Êý¾Ý	","°Ë·½Êý¾ÝÓÅÊÆ	","¸¶Ç®À­¿Í·þ-803	","°²È«ÐÔ£ºCFCA°²È«ÈÏÖ¤£¬È·ÈÏÓÃ»§ÐÅÏ¢°²È«±£ÃÜ¡£


ÎÈ¶¨ÐÔ£º»¥ÁªÍø¸ß¼â¶Ë¼¼ÊõÍÅ¶Ó£¬¸ßÇ¿¶ÈÏµÍ³Ñ¹Á¦²âÊÔ£¬Êý¾ÝÔÖ±¸·½°¸£¬¶à·½ÃæÈ·±£ÏµÍ³ÔÚÈÎºÎÇé¿öÏÂ£¬24Ð¡Ê±²»Í£»ú£¬Õý³£ÔËÐÐ¡£


Áé»îÐÔ£ºÆóÒµ¿ÉÒÔ°´ÐèÑ¡ÔñÊý¾Ý·þÎñ£¬ËæÒâ×éºÏ£¬¿ÉÒÔÒ»¸ö£¬Á½¸ö£¬¶à¸ö¡£Í¨¹ýÉÌ»§ºóÌ¨£¬¸ú¾ÝÐèÇóÅäÖÃ¡£


¶àÎ¬Êý¾Ý£º°Ë·½Êý¾Ý°üÀ¨¸öÈËºÍÆóÒµµÄ¸÷Î¬¶ÈÊý¾Ý£¬°üÀ¨ÐÅÓÃÇé¿ö£¬ÊÕÈëÇé¿ö£¬Éç»á»¯ÐÅÏ¢£¬´û¿îÇé¿öµÈ¡£


¶¨ÖÆ»¯£º¸ú¾ÝÆóÒµÐèÇó£¬ÎªÆóÒµÌá¹©×¨ÊôÊý¾Ý·þÎñ¡£	",-,2017/11/30 16:24,2017/11/30 16:24
1011756,"ÔöÖµ·þÎñ-°Ë·½Êý¾Ý	","°Ë·½Êý¾ÝÓ¦ÓÃÆóÒµÀàÐÍ	","¸¶Ç®À­¿Í·þ-803	","½ðÈÚÐÍÆóÒµ£ºÊµÏÖ»¥ÁªÍø»¯¿ìËÙ¡¢±ã½ÝÊý¾Ý»ñÈ¡¡£¼«´óËõ¶ÌÐÅÓÃÉóºËÊ±¼ä£¬ÓÅ»¯ÐÅÉóÁ÷³Ì£¬½µµÍµôµ¥·çÏÕ¡£Ôö¼Ó·Ç½ðÈÚ»ú¹¹Õ÷ÐÅÎ¬¶È£¬½µµÍÐÅÓÃ·çÏÕ¡£
Êý¾ÝÐÍÆóÒµ£ºÔö¼Ó´óÊý¾Ý»ú¹¹Êý¾Ý·ÖÎöÎ¬¶È£¬´óÊý¾Ý·ÖÎö¸üÍêÕû¡£
ÆäËûÒµÎñÐÍÆóÒµ£ºÊý¾ÝÀà²úÆ·ÇáËÉ¿ªÕ¹ÒµÎñ£¬¼ÇÕË²úÆ·Ò»Õ¾Ê½½ÓÈë£¬ÐèÕ÷ÐÅ²úÆ·´ò°ü¼¯ºÏ½ÓÈë¡£	",-,2017/11/30 16:25,2017/11/30 16:25
1011757,"ÔöÖµ·þÎñ-¹©Ó¦Á´½ðÈÚ	","¹©Ó¦Á´½ðÈÚ¼ò½é/¹©Ó¦Á´½ðÈÚ½éÉÜ	","¸¶Ç®À­¿Í·þ-803	","¹©Ó¦Á´½ðÈÚÊÇ¸¶Ç®À­ÁªºÏÖªÃû½ðÈÚ»ú¹¹ÎªÖÐÐ¡Î¢ÆóÒµÌá¹©µÄ¹©Ó¦Á´ÈÚ×Ê·þÎñÆ½Ì¨£¬Í¨¹ý¶ÔÈÚ×ÊÆóÒµÏà¹ØÊý¾Ý·ÖÎö£¬¶ÔÆóÒµÐÅÓÃ×´¿öºÍ×Ê½ðÈ±¿ÚÇé¿ö½øÐÐ²âËã£¬ÆóÒµ¿ÉÒÔÍ¨¹ýÏßÉÏÆ½Ì¨Íê³ÉÆóÒµÈÚ×Ê°ìÀí¡£


¹©Ó¦Á´½ðÈÚÍ¨¹ý½øÐÐ¿ìËÙ¡¢Í¸Ã÷µÄÉóÅúÁ÷³Ì¡¢Áé»î´û¿îÆÚÏÞÉèÖÃ£¬ÎªÆóÒµ¿ìËÙ²¹³äÆóÒµÔËÓª×Ê½ð¡¢½µµÍÆóÒµÈÚ×Ê³É±¾Ìá¹©±ãÀû¡£	",-,2017/11/30 16:26,2017/11/30 16:27
1011758,"ÔöÖµ·þÎñ-¹©Ó¦Á´½ðÈÚ	","¹©Ó¦Á´½ðÈÚÓÅÊÆ	","¸¶Ç®À­¿Í·þ-803	","ÊÊÓÃÐÐÒµ¹ã·º£ºÎïÁ÷¡¢µçÉÌ¡¢Ò½Ò©¡¢½¨ÖþµÈÐÐÒµ
ÈÚ×Ê·½Ê½¶àÑù£º¶©µ¥ÈÚ×Ê¡¢Ó¦ÊÕ¿îÈÚ×Ê¡¢»õÎïÈÚ×ÊµÈ
Á÷³Ì¼òµ¥£ºÊÚÐÅÍê³É£¬Ò»¼üÉêÇë£¬µ±Ìì·Å¿î
·çÏÕ¿É¿Ø£¬ÈÚ×Ê³É±¾µÍ£º×Ê½ðÐÅÏ¢Í¸Ã÷£¬·çÏÕ¿É¿Ø£¬ÈÚ×Ê³É±¾µÍ	",-,2017/11/30 16:26,2017/11/30 16:26
1011759,"ÔöÖµ·þÎñ-¹©Ó¦Á´½ðÈÚ	","¹©Ó¦Á´½ðÈÚ½ÓÈëÁ÷³Ì	","¸¶Ç®À­¿Í·þ-803	","ÉÌ»§Ç¢Ì¸¡ª¡ªÈÚ×ÊÐèÇó¡ª¡ªÆ½Ì¨ÊÜÀí¡ª¡ªÍê³É·Å¿î	",-,2017/11/30 16:27,2017/11/30 16:27
1012190,"ÔöÖµ·þÎñ-ÆóÒµÀí²Æ	","ÆóÒµÀí²Æ½éÉÜ/ÆóÒµÀí²Æ¼ò½é	","¸¶Ç®À­¿Í·þ-803	","ÆóÒµÀí²ÆÊÇ¸¶Ç®À­ÓëÒøÐÐµÈ½ðÈÚ»ú¹¹ºÏ×÷£¬ÍÆ³öµÄ·þÎñÓÚÖÐÐ¡Î¢ÆóÒµ×Ê½ðÔöÖµµÄ»¥ÁªÍø½ðÈÚ½â¾ö·½°¸¡£


Ìá¹©¶àÖÖÆÚÏÞ¼°ÊÕÒæµÄÆóÒµÀí²Æ²úÆ·£¬½áºÏÆóÒµÈÕ³£¾­Óª×Ê½ðÊ¹ÓÃ¹æÂÉ¶¨ÖÆ×¨ÊôµÄÀí²Æ²úÆ·²ßÂÔ£¬ÊÕÒæÐÔºÍÁ÷¶¯ÐÔ¼æ¹Ë£¬ÌáÉý×Ê½ðÐ§ÂÊ¡£	",-,2017/12/4 13:58,2017/12/4 13:58
1012191,"ÔöÖµ·þÎñ-ÆóÒµÀí²Æ	","ÆóÒµÀí²ÆÒµÎñÄ£Ê½	","¸¶Ç®À­¿Í·þ-803	","	",-,2017/12/4 13:59,2017/12/4 13:59
1012192,"ÔöÖµ·þÎñ-ÆóÒµÀí²Æ	","ÆóÒµÀí²ÆÓÅÊÆ 	","¸¶Ç®À­¿Í·þ-803	","ÆóÒµÀí²ÆÁù´óÓÅÊÆ
×Ê²úÑÏÑ¡£º×¨ÒµFICOÏµÍ³ÆÀ¹À£¬È¨Íþ·ç¿ØÍÅ¶ÓÉóºË
²úÆ··á¸»£º»îÆÚ¡¢¶¨ÆÚ²úÆ·¶àÔª£¬¿É°´Ðè¶¨ÖÆÀí²Æ²úÆ·
Í¶×ÊÃÅ¼÷µÍ£ºÇ§ÔªÆðÍ¶£¬ÂòÈëÁã³É±¾£¬ÆóÒµÀí²Æ´¥ÊÖ¿É¼°
Á÷³Ì¼òµ¥£ºÆóÒµÀí²ÆÇáËÉ¹ºÂò£¬ËæÊ±²é¿´Í¶×ÊÇé¿ö
·þÎñ×¨Òµ£º³ÉÊìµÄ½ðÈÚ·þÎñ¾­Ñé£¬×¨ÒµµÄÀí²ÆÅäÖÃ·½°¸
×Ê½ð°²È«£º×Ê½ðÈ«Á÷³Ì½ðÈÚ¼à¹Ü£¬¶ÀÁ¢·çÏÕ½ð±£ÕÏÅâ¸¶	",-,2017/12/4 13:59,2017/12/4 13:59
1012193,"ÔöÖµ·þÎñ-ÆóÒµÀí²Æ	","ÆóÒµÀí²Æ½ÓÈë²½Öè/ÆóÒµÀí²Æ½ÓÈëÁ÷³Ì/ÆóÒµÀí²Æ¿ªÍ¨Á÷³Ì	","¸¶Ç®À­¿Í·þ-803	","ÉÌ»§Ç¢Ì¸¡ª¡ªÀí²Æ·½°¸ÍÆ¼ö¡ª¡ªÍ¶×ÊÖ§¸¶¡ª¡ª×øÏíÊÕÒæ	",-,2017/12/4 14:01,2017/12/4 14:01
1011780,"ÔöÖµ·þÎñ-Á÷Á¿±äÏÖ	","Á÷Á¿±äÏÖ¼ò½é/Á÷Á¿±äÏÖ½éÉÜ	","¸¶Ç®À­¿Í·þ-803	","Í¨¹ýÓë¶à¸ö½ðÈÚ»ú¹¹ºÏ×÷£¬ÃæÏò¹ã´óÖÐÐ¡Î¢ÆóÒµÆ½Ì¨Ìá¹©¾«Ñ¡¡¢°²È«¡¢±ã½ÝµÄ»¥ÁªÍø½ðÈÚ²úÆ·¼°×ÛºÏÀí²ÆÒµÎñ½â¾ö·½°¸¡£
ÆóÒµ²úÆ·ÒÔ×ÔÉíÁ÷Á¿Îª»ù´¡£¬Í¨¹ýÒýÈë·ûºÏÆäÆ½Ì¨ÓÃ»§Í¶×ÊÐèÇóµÄ»¥ÁªÍø½ðÈÚÀí²Æ²úÆ·½øÐÐÀí²Æ²úÆ·ÏúÊÛ¡£


×îÖÕÊµÏÖÆóÒµÆ½Ì¨Ôö¼ÓÓÃ»§ð¤ÐÔ¼°¿ìËÙÊµÏÖÁ÷Á¿±äÏÖ£¬Àí²ÆÓÃ»§»ñµÃ×Ê½ðÔöÖµÊÕÒæ£¬½ðÈÚ»ú¹¹ÌáÉý²úÆ·ÏúÁ¿µÄºÏ×÷¹²Ó®¡£	",-,2017/12/1 15:06,2017/12/1 15:06
1011781,"ÔöÖµ·þÎñ-Á÷Á¿±äÏÖ	","Á÷Á¿±äÏÖÓÅÊÆ	","¸¶Ç®À­¿Í·þ-803	","¿ìËÙ½ÓÈë£º±ê×¼»¯½ÓÈëÁ÷³Ì£¬ÈÃÄãÇáËÉ½ÓÈëÀí²Æ
²úÆ·¶¨ÖÆ£º»îÆÚ:+3.50%,¶¨ÆÚ: +6%~13%¿É°´Æ½Ì¨ÐèÇó¸öÐÔ»¯¶¨ÖÆ
°²È«±£ÕÏ£º×Ê½ðÈ«Á÷³Ì½ðÈÚ»ú¹¹¼à¹Ü£¬°²È«ÓÐ±£ÕÏ
ÓÅÖÊ×Ê²ú£º×¨ÒµµÄ×Ê²úÉóºË»úÖÆ£¬ÒýÈë¶à¼ÒÖªÃû½ðÈÚ»ú¹¹×îÓÅÖÊ×Ê²ú	",-,2017/12/1 15:07,2017/12/1 15:07
1011782,"ÔöÖµ·þÎñ-Á÷Á¿±äÏÖ	","Á÷Á¿±äÏÖ½ÓÈëÁ÷³Ì	","¸¶Ç®À­¿Í·þ-803	","·½Ê½Ò»£ºÒ³ÃæÇ¶Èë¿ÉÖ±½Ó½«¸¶Ç®À­»òÀí²ÆÆ½Ì¨Ò³ÃæÇ¶Èëµ½ÉÌ»§Æ½Ì¨
·½Ê½¶þ£ºAPI½Ó¿Ú½ÓÈë£¬¿É×Ô¼º¶¨ÖÆ»¯Àí²Æ²úÆ·	",-,2017/12/1 15:08,2017/12/1 15:08
1012187,"ÔöÖµ·þÎñ-¶þÊÖ³µµçÉÌ	","¶þÊÖ³µµçÉÌ½éÉÜ/¶þÊÖ³µµçÉÌ¼ò½é	","¸¶Ç®À­¿Í·þ-803	","¶þÊÖ³µµçÉÌÐÐÒµ½â¾ö·½°¸ÊÇ¸¶Ç®À­Îª¶þÊÖ³µµçÉÌÆ½Ì¨Ìá¹©µÄ×ÛºÏÐÔ½â¾ö·½°¸¡£
Õë¶Ô¶þÊÖ³µµçÉÌÆ½Ì¨½»Ò×¹ý³ÌÖÐØ½´ý½â¾öµÄÎÊÌâ£¬¸¶Ç®À­×¼È·¶¨Î»ÐÐÒµÐèÇó£¬Ìá¹©ÏßÉÏ½»Ò×¡¢ÕËÎñ·þÎñ¡¢×Ê½ð´æ¹ÜÒÔ¼°½ðÈÚ·þÎñµÈ½â¾ö·½°¸£¬¼õÇáµçÉÌÆ½Ì¨ÔËÓª¸ºµ££¬½µµÍ½»Ò×³É±¾£¬Ê¹Æ½Ì¨ÇáËÉ¿ªÕ¹¶þÊÖ³µ½»Ò×	",-,2017/12/4 13:49,2017/12/4 13:49
1012188,"ÔöÖµ·þÎñ-¶þÊÖ³µµçÉÌ	","¶þÊÖ³µµçÉÌ·þÎñÀàÐÍ/¶þÊÖ³µ·þÎñÀàÐÍ	","¸¶Ç®À­¿Í·þ-803	","ÏßÉÏ·þÎñ
ÕËÎñ·þÎñ
×Ê½ð´æ¹Ü
½ðÈÚ·þÎñ	",-,2017/12/4 13:49,2017/12/4 13:49
1012189,"ÔöÖµ·þÎñ-¶þÊÖ³µµçÉÌ	","¶þÊÖ³µµçÉÌÓÅÊÆ/¶þÊÖ³µÓÅÊÆ	","¸¶Ç®À­¿Í·þ-803	","¸ßÍØÕ¹ÐÔ£º×¨ÒµºÏÀíµÄ¼¼Êõ¼Ü¹¹,ÇáËÉÓ¦¶Ô¸´ÔÓÒµÎñÄ£Ê½


¼«ËÙÏìÓ¦£º¶Ô½Ó³É±¾µÍ¡¢ÖÜÆÚ¶Ì£¬È«·½Î»·þÎñ¼«ËÙÏìÓ¦


°²È«¿É¿¿£ºÊý¾Ý¼ÓÃÜºÍÈÝÔÖ·½°¸£¬7*24²»¼ä¶Ï·þÎñ	",-,2017/12/4 13:49,2017/12/4 13:49
1011457,"ÔöÖµ·þÎñ-ÉÌÒ×Í¨	","µçÉÌ´æ¹Ü²úÆ·½éÉÜ/ÉÌÒ×Í¨½éÉÜ	","¸¶Ç®À­¿Í·þ-803	","µçÉÌ×Ê½ð´æ¹Ü£ºµçÉÌÆ½Ì¨½«¿Í»§½»Ò××Ê½ð´æ·ÅÓÚÓÐ×ÊÖÊµÄÉÌÒµÒøÐÐµÄ´æ¹Ü×¨ÓÃÕË»§ÖÐ£¬Æ½Ì¨²»´¥Åö¿Í»§×Ê½ð£¬¹æ±Ü×Ê½ðÅ²ÓÃºÍÆ½Ì¨ÅÜÂ·µÄ·çÏÕ¡£	",-,2017/11/15 13:37,2017/11/28 09:42
1011458,"ÔöÖµ·þÎñ-ÉÌÒ×Í¨	","µçÉÌ´æ¹Ü½ÓÈëÁ÷³Ì/ÉÌÒ×Í¨½ÓÈëÁ÷³Ì	","¸¶Ç®À­¿Í·þ-803	","¹²ËÄ²½£º
1¡¢ ÒµÎñÇ¢Ì¸Óë×ÊÁÏÊÕ¼¯
2¡¢ ÒøÐÐ¾¡Ö°µ÷²é?
3¡¢ Ç©Êð´æ¹ÜÐ­Òé²¢¿ªÁ¢´æ¹ÜÕË»§
4¡¢ ÏµÍ³¶Ô½Ó£­ÉÏÏßÔËÐÐ
Õû¸öÁ÷³ÌÐèÒªµÄÊ±¼äÊÓÆ½Ì¨¿ÉÒÔÅäºÏµÄ¿ª·¢×ÊÔ´¶ø¶¨£¬Ò»°ã2-3¸öÔÂ¿ÉÒÔÉÏÏß¡£	",-,2017/11/15 13:48,2017/11/28 09:43
1011459,"ÔöÖµ·þÎñ-ÉÌÒ×Í¨	","×Ê½ð´æ¹ÜÒøÐÐ/ÉÌÒ×Í¨´æ¹ÜÒøÐÐ	","¸¶Ç®À­¿Í·þ-803	","ÎäººÖÚ°îÒøÐÐµÄ×Ê½ð´æ¹Ü¡£	",-,2017/11/15 13:48,2017/11/28 09:43
1011460,"ÔöÖµ·þÎñ-ÉÌÒ×Í¨	","µçÉÌÐÐÒµÎªÊ²Ã´Òª×ö´æ¹Ü£¯µçÉÌ´æ¹ÜÓÅÊÆ/ÉÌÒ×Í¨ÓÅÊÆ	","¸¶Ç®À­¿Í·þ-803	","Ê×ÏÈ£¬µçÉÌ×÷ÎªÂòÂôË«·½ÖÐ¼äµÄÆ½Ì¨£¬Èç¹ûÃ»ÓÐÖ§¸¶ÅÆÕÕ£¬ÊÇÃ»ÓÐ×Ê¸ñ×ö´úÊÕ¸¶×Ê½ðÒµÎñµÄ£¬È»¶øÄ¿Ç°ºÜ¶àµçÉÌÃ°×ÅºÜ´óµÄ·çÏÕÔÚ×ö´úÊÕ¸¶£¬È¥ÄêÒÑ¾­ÓÐ¶à¼ÒÆ½Ì¨±»ÑëÐÐÔ¼Ì¸ÁË£»
?Æä´Î£¬µçÉÌµÄ×Ê½ð°²È«ÐÔÒ²ÔÚ±»´óÖÚ¹Ø×¢×Å£¬µçÉÌÆ½Ì¨µÄ´óÁ¿×Ê½ð³Áµí´æÔÚºÜ´óµÄ·çÏÕ£¬Ç°Ò»ÕóµÄ¹²Ïíµ¥³µÌáÏÖÀ§ÄÑÆäÊµ¾ÍÊÇÕâ·½ÃæµÄÌáÏÖ£¬ËùÒÔÓÃ»§¶Ô×Ê½ð°²È«ÐÔµÄ¹Ø×¢Ò²ÊÇµçÉÌºÜÔÚÒâµÄ·½Ãæ¡£
?ÄÇÃ´ÓëÒøÐÐºÏ×÷×Ê½ð´æ¹ÜÊÇÖ¸°Ñ½»Ò××Ê½ð´æ¹ÜÔÚÒøÐÐµÄ´æ¹Ü×¨ÓÃÕË»§ÖÐ£¬×Ê½ð²»ÔÙ¹ýÆ½Ì¨µÄ×ÔÓÐÕË»§£¬¼È½â¾öÁËÆ½Ì¨¶þÇåµÄ²»ºÏ¹æµÄÎÊÌâ£¬ÓÖ¿ÉÒÔÏû³ýÓÃ»§¶Ô×Ê½ð°²È«µÄ¹ËÂÇ¡£	",-,2017/11/15 13:48,2017/11/28 09:43
1011461,"ÔöÖµ·þÎñ-ÉÌÒ×Í¨	","µçÉÌ´æ¹Ü·¶Î§/ÉÌÒ×Í¨·¶Î§	","¸¶Ç®À­¿Í·þ-803	","¶ÔÓÚÃ»ÓÐÖ§¸¶ÅÆÕÕµÄµçÉÌÆ½Ì¨Èç¹ûÉæ¼°µ½ÊÕÈ¡Âò¼Ò×Ê½ðÔÙ½áËã¸øÂô¼Ò£¬¼´ÊôÓÚ¡°Æ½Ì¨¶þÇå¡±£¬ÊÇÓÐ´æ¹ÜÐèÇóµÄ£¬±ÈÈçb2c£¯b2bµÈÀàÐÍµÄÆ½Ì¨£»»òÕßÓÐÐ©ÊÕÈ¡ÓÃ»§Ñº½ðµÄÆ½Ì¨£¬Èço2o¹²Ïíµ¥³µÆäÊµÒ²ÊÇÐèÒª°ÑÓÃ»§Ñº½ð½øÐÐ´æ¹ÜÆðÀ´£¬ÓÃ»§²Å»á¶ÔÆ½Ì¨ÓÐ¸ü¶àµÄÐÅÀµ	",-,2017/11/15 13:48,2017/11/28 09:43
1011462,"ÔöÖµ·þÎñ-ÉÌÒ×Í¨	","µçÉÌ´æ¹Ü½ÓÈëÌõ¼þ/ÉÌÒ×Í¨½ÓÈëÌõ¼þ	","¸¶Ç®À­¿Í·þ-803	","1.Æ½Ì¨×¢²á×Ê±¾100ÍòÔªÒÔÉÏ£»
2. ÓÐÕý¹æµçÉÌÆ½Ì¨ÍøÕ¾£»
3. Ã»ÓÐ×Ê½ð°²È«·½ÃæµÄ¸ºÃæÐÂÎÅ£»	",-,2017/11/15 13:48,2017/11/28 09:44
1011463,"ÔöÖµ·þÎñ-ÉÌÒ×Í¨	","µçÉÌ´æ¹Ü±¨¼Û/ÉÌÒ×Í¨±¨¼Û	","¸¶Ç®À­¿Í·þ-803	","²úÆ·¼Û¸ñ·ÖÎªÒ»´ÎÐÔ½ÓÈë·Ñ¡¢´æ¹Ü·ÑºÍÏµÍ³Î¬»¤·Ñ¡£¾ßÌåµÄ¼Û¸ñÒª×ÉÑ¯ÏàÓ¦µÄÏúÊÛÈËÔ±¡£	",-,2017/11/15 13:48,2017/11/28 09:44
1390,"ÉÌ»§ÒµÎñ	","ÉÌ»§ºÏ×÷Á÷³Ì	","¸¶Ç®À­¿Í·þ-801	","ÎÒÃÇºÏ×÷Á÷³Ì¾ÍÊÇÏÈ¹ÙÍø×¢²á--Ìá½»ÆóÒµ×ÊÖÊ--ÉóºË--£¨´úÉêÇëÍ¨µÀ£©/¶Ô½ÓÍ¨µÀ--ÅäÖÃ²ÎÊý--µ÷ÊÔÍê³ÉÉÏÏß¡£	",-,2016/9/21 19:27,2017/11/22 17:36
1392,"ÉÌ»§ÒµÎñ	","¸¶Ç®À­´úÉêÇëÖÜÆÚ/´úÉêÇëÆÚÏÞ/´úÉêÇëÊ±¼ä	","¸¶Ç®À­¿Í·þ-801	","ÔÚÊ¹ÓÃ¸¶Ç®À­µÄ¹ý³ÌÖÐ£¬¸¶Ç®À­Ìá¹©Í¨µÀ´úÉêÇë·þÎñ¡£ÆóÒµÔÚ¸¶Ç®À­¹ÙÍø¹´Ñ¡ÐèÒª´úÉêÇëµÄÍ¨µÀ£¬²¢Ìá½»Í¨µÀÒªÇóÏà¹Ø×ÊÁÏ£¬¸¶Ç®À­¼´¿ÉÎªÄú½øÐÐÍ¨µÀ´úÉêÇë¡£


Ö§¸¶±¦£¬Î¢ÐÅ£¬°Ù¶ÈÇ®°ü£¬¾©¶«Ö§¸¶£¬Ò×±¦Ö§¸¶£¬°Ù¶ÈÇ®°ü£º7-15¸ö¹¤×÷ÈÕ


ÒøÁª£¬ Apple Pay£º10-30 ¸ö¹¤×÷ÈÕ	",-,2016/9/21 19:28,2017/12/7 18:09
1394,"ÉÌ»§ÒµÎñ	","ÉÌ»§ÒÑ¾­ÓÐÕËºÅÍ¨µÀ£¬ÎªÊ²Ã´»¹ÒªÌá¹©×ÊÖÊ¸øÄãÃÇ/ÉÌ»§¿ªÍ¨ÁËÖ§¸¶È¨ÏÞÐèÒªÌá¹©×ÊÖÊ¸ø¸¶Ç®À­	","¸¶Ç®À­¿Í·þ-801	","×ÊÁÏÊÇÎªÁËÔÙ´ÎÈ·ÈÏÄú¶ÔÖ§¸¶ÕËºÅµÄËùÓÐÈ¨£¬ºÏ·¨ÐÔµÄÒªÇó¡£


¸¶Ç®À­ÒªÈ·±£ËùÓÐµÄ½ÓÈë·½¹«Ë¾¶¼ÊÇºÏ·¨µÄ£¬°üÀ¨¹«Ë¾×ÊÖÊºÍÒµÎñÄÚÈÝ£¬ÕâÒ²ÊÇ¶ÔËùÓÐ½ÓÈëÉÌ»§¸ºÔð¡£	",-,2016/9/21 19:29,2017/11/22 17:40
1395,"ÉÌ»§ÒµÎñ	","Ö§¸¶È¨ÏÞ/Ö§¸¶Í¨µÀÈ¨ÏÞ/¿ªÍ¨Ö§¸¶Í¨µÀ/´úÉêÇë¿ªÍ¨	","¸¶Ç®À­¿Í·þ-801	","ÎÒÃÇµÄSDKÊÇ½¨Á¢ÓÚ²»Í¬Ó¦ÓÃ³¡¾°£¬¿É½ÓÈë²»Í¬µÄÖ§¸¶Í¨µÀ£¬µ«Ç°ÌáÊÇÐèÒªÓÐ¿ªÍ¨Íê³ÉµÄÖ§¸¶Í¨µÀ¡£


ÈôÃ»ÓÐÖ§¸¶Í¨µÀÎÒÃÇ¿ÉÒÔÎªÄú´úÉêÇë¿ªÍ¨£¬ÉêÇë¿ªÍ¨ÐèÒªÆóÒµµÄÏà¹Ø×ÊÖÊ¡£	",-,2016/9/21 19:29,2017/11/22 17:44
1397,"ÉÌ»§ÒµÎñ	","¸¶Ç®À­¹ÙÍø×¢²áÉÏ´«ÆóÒµ×ÊÖÊ×¢ÒâÊÂÏî	","¸¶Ç®À­¿Í·þ-801	","ÈôÊÇÈýÖ¤ºÏÒ»£¨ÓªÒµÖ´ÕÕ¡¢×éÖ¯»ú¹¹´úÂëÖ¤¡¢Ë°ÎñµÇ¼ÇÖ¤£©ÐèÒªÔÚÓªÒµÖ´ÕÕ¡¢×éÖ¯»ú¹¹´úÂëÖ¤¡¢Ë°ÎñµÇ¼ÇÖ¤Î»ÖÃ¾ùÉÏ´«ÈýÖ¤ºÏÒ»µÄÓªÒµÖ´ÕÕ¼´¿É¡£
ËùÓÐÉÏ´«Î»ÖÃ²»ÄÜÎª¿Õ£¬Èç½ØÍ¼£º	",-,2016/9/21 19:30,2017/11/22 17:45
1398,"ÉÌ»§ÒµÎñ	","ÉÌ»§ÒÑ¾­Ìá½»×ÊÁÏÐèÒªÉóºË/ÉÌ»§ÉóºËÖÜÆÚ	","¸¶Ç®À­¿Í·þ-801	","ÎÒÃÇ»á°²ÅÅºóÌ¨ÈËÔ±½øÐÐºËÊµ£¬ÇëÄúÄÍÐÄµÈ´ý£¬ÉóºËÍ¨¹ýºó»áÓÐÊÛºóÈËÔ±ÓëÄúÁªÏµºËÊµÄúµÄ¾ßÌåÐèÇóÒÑ¾­ºóÐøµÄ¶Ô½Ó¹¤×÷£¬ÆÚ¼äÇëÄúÄÍÐÄµÈ´ýÅ¶£¡	",-,2016/9/21 19:30,2017/11/22 17:46
1505,"ÉÌ»§ÒµÎñ	","ÉêÇëÍøÕ¾±¸°¸/ICP±¸°¸ÉêÇë/ICP±¸°¸°ìÀí/ÉêÇë±¸°¸	","¸¶Ç®À­¿Í·þ-801	","±¸°¸µÄÄ¿µÄ¾ÍÊÇÎªÁË·ÀÖ¹ÔÚÍøÉÏ´ÓÊÂ·Ç·¨µÄÍøÕ¾¾­Óª»î¶¯£¬´ò»÷²»Á¼»¥ÁªÍøÐÅÏ¢µÄ´«²¥£¬Èç¹ûÍøÕ¾²»±¸°¸µÄ»°£¬ºÜÓÐ¿ÉÄÜ±»²é´¦ÒÔºó¹ØÍ£¡£·Ç¾­ÓªÐÔÍøÕ¾×ÔÖ÷±¸°¸ÊÇ²»ÊÕÈÎºÎÊÖÐø·ÑµÄ£¬ËùÒÔ½¨Òé´ó¼Ò¿ÉÒÔ×ÔÐÐµ½±¸°¸¹Ù·½ÍøÕ¾È¥±¸°¸¡£
ÉêÇë±¸°¸Á÷³Ì£º

£¨1£© µÇÂ¼ÖÐ»ªÈËÃñ¹²ºÍ¹ú¹¤ÒµºÍÐÅÏ¢»¯²¿ÍøÕ¾£»
£¨2£© ICP ×¢²á£»
£¨3£© ÊäÈëÊÖ»ú¡¢ÓÊ¼þÑéÖ¤Âë£»
£¨4£© Â¼Èë±¸°¸ÐÅÏ¢£»
£¨5£© ½«±¸°¸±àºÅºÍµç×ÓÖ¤Êé°²·ÅÔÚ¹æ¶¨µÄÎ»ÖÃ¡£	",-,2016/9/28 10:08,2017/12/19 14:48
1918,"ÉÌ»§ÒµÎñ	","ÎÞICP±¸°¸/·þÎñÆ÷ÊÇÏã¸Û»òÊÇ¹úÍâ£¬ÊÇ·ñ¿ÉÒÔ°ìÀí½ÓÈë£¿	","¸¶Ç®À­¿Í·þ-801	","´óÂ½Ö÷ÌåÉÌ»§£¬Ö»ÒªÊÇÓÐÍøÕ¾Ò»¶¨ÒªÓÐicp±¸°¸¡£ÎÞÂÛÊÇÍøÕ¾ÔÚ¹úÄÚ»¹ÊÇ¹úÍâ¡£	",-,2016/10/10 15:55,2017/12/19 14:48
1000591,"ÉÌ»§ÒµÎñ	","½áËãÎÊÌâ/½áËãÁ÷³Ì/½áËãÖÜÆÚ/µ½ÕËÊ±¼ä/ÉÌ»§½áËã	","¸¶Ç®À­¿Í·þ-801	","1¡¢ÇëÌá¹©ÉÌ»§Ãû³Æ£¬È·ÈÏ½»Ò×Ê±¼ä£¬µ½ÕË½áËã±ÊÊý¼°¹²¼Æ½ð¶î¡£»¹ÓÐ½áËãÒøÐÐ¿¨ºÅ
2¡¢ÒòÎÒË¾½áËãÊÇT+1£¨¹¤×÷ÈÕ£©½áËã£¬Í¨µÀÊÇ·ÖÅúÁ¿½áËãµÄ£¬¹ÊÐèÒªºËÊµ½»Ò×±ÊÊýÒÔ¼°¿Í»§ÊÕµ½µÄ½áËã½ð¶î±ÊÊý¡£
3¡¢ÉÌ»§ºË¶ÔÊ±²»ÒÔÊÕµ½¶ÌÐÅÌáÊ¾Îª×¼ÒòÓÐÐ©ÒøÐÐµÍÓÚ¶àÉÙÇ®¾ÍÃ»ÓÐ¶ÌÐÅÌáÊ¾£¬ÐèÒª²éÑ¯½áËãÒøÐÐ¿¨ÕË»§Ã÷Ï¸£»ÈôÈ·ÈÏÓÐ½áËãÎó²îºó£¬ÐèÒªÉÌ»§·´À¡ÖÁ´úÀíÉÌ£¬ÓÉÎÒË¾ÏúÊÛÍ¬ÊÂÍ³Ò»·´À¡ÖÁÎÒË¾½áËãÈËÔ±½øÐÐÍ³Ò»ºËÊµ·´À¡¡£	",-,2016/12/27 12:12,2017/11/22 17:50
