c_name:ID,:LABEL
外资背景,Concept
核电核能,Concept
三沙概念,Concept
食品安全,Concept
锂电池,Concept
IPV6概念,Concept
前海概念,Concept
O2O模式,Concept
碳纤维,Concept
日韩贸易,Concept
聚氨酯,Concept
多晶硅,Concept
天津自贸,Concept
基因测序,Concept
资产注入,Concept
皖江区域,Concept
含B股,Concept
空气治理,Concept
整体上市,Concept
金融改革,Concept
本月解禁,Concept
粤港澳,Concept
固废处理,Concept
分拆上市,Concept
生态农业,Concept
风能,Concept
信托重仓,Concept
特斯拉,Concept
内贸规划,Concept
融资融券,Concept
绿色照明,Concept
网络游戏,Concept
军工航天,Concept
沿海发展,Concept
文化振兴,Concept
QFII重仓,Concept
稀缺资源,Concept
宽带提速,Concept
4G概念,Concept
新零售,Concept
燃料电池,Concept
雄安新区,Concept
重组概念,Concept
含H股,Concept
生物疫苗,Concept
广东自贸,Concept
上海自贸,Concept
卫星导航,Concept
稀土永磁,Concept
生物育种,Concept
参股金融,Concept
养老概念,Concept
迪士尼,Concept
3D打印,Concept
社保重仓,Concept
陕甘宁,Concept
未股改,Concept
水域改革,Concept
装饰园林,Concept
黄金概念,Concept
太阳能,Concept
上海本地,Concept
保障房,Concept
京津冀,Concept
出口退税,Concept
油气改革,Concept
草甘膦,Concept
地热能,Concept
东亚自贸,Concept
建筑节能,Concept
阿里概念,Concept
新三板,Concept
三网融合,Concept
券商重仓,Concept
页岩气,Concept
电子支付,Concept
充电桩,Concept
节能环保,Concept
智能电网,Concept
超大盘,Concept
云计算,Concept
基因概念,Concept
准ST股,Concept
自贸区,Concept
抗癌,Concept
基金重仓,Concept
安防服务,Concept
抗流感,Concept
央企50,Concept
海上丝路,Concept
ST板块,Concept
铁路基建,Concept
互联金融,Concept
机器人概念,Concept
低碳经济,Concept
氢燃料,Concept
成渝特区,Concept
生物质能,Concept
污水处理,Concept
猪肉,Concept
石墨烯,Concept
基因芯片,Concept
高校背景,Concept
触摸屏,Concept
赛马概念,Concept
海水淡化,Concept
武汉规划,Concept
水利建设,Concept
节能,Concept
甲型流感,Concept
电商概念,Concept
海工装备,Concept
循环经济,Concept
军民融合,Concept
股权激励,Concept
业绩预升,Concept
婴童概念,Concept
生物燃料,Concept
金融参股,Concept
涉矿概念,Concept
苹果概念,Concept
土地流转,Concept
农村金融,Concept
风能概念,Concept
体育概念,Concept
黄河三角,Concept
信息安全,Concept
图们江,Concept
国产软件,Concept
汽车电子,Concept
免疫治疗,Concept
风沙治理,Concept
创投概念,Concept
智能交通,Concept
股期概念,Concept
智能机器,Concept
超导概念,Concept
超级细菌,Concept
丝绸之路,Concept
智能穿戴,Concept
可燃冰,Concept
智能家居,Concept
振兴沈阳,Concept
物联网,Concept
国企改革,Concept
民营银行,Concept
民营医院,Concept
含可转债,Concept
送转潜力,Concept
奢侈品,Concept
长株潭,Concept
5G概念,Concept
维生素,Concept
蓝宝石,Concept
海峡西岸,Concept
IP变现,Concept
业绩预降,Concept
保险重仓,Concept
博彩概念,Concept
深圳本地,Concept
新能源,Concept
摘帽概念,Concept
