:START_ID,:END_ID,belong,:TYPE
600051,综合行业,行业,:ACTED_IN
600209,综合行业,行业,:ACTED_IN
600212,综合行业,行业,:ACTED_IN
600256,综合行业,行业,:ACTED_IN
600576,综合行业,行业,:ACTED_IN
600603,综合行业,行业,:ACTED_IN
600614,综合行业,行业,:ACTED_IN
600620,综合行业,行业,:ACTED_IN
600622,综合行业,行业,:ACTED_IN
600624,综合行业,行业,:ACTED_IN
600647,综合行业,行业,:ACTED_IN
600656,综合行业,行业,:ACTED_IN
600687,综合行业,行业,:ACTED_IN
600701,综合行业,行业,:ACTED_IN
600730,综合行业,行业,:ACTED_IN
600770,综合行业,行业,:ACTED_IN
600777,综合行业,行业,:ACTED_IN
600800,综合行业,行业,:ACTED_IN
600805,综合行业,行业,:ACTED_IN
600811,综合行业,行业,:ACTED_IN
600832,综合行业,行业,:ACTED_IN
600846,综合行业,行业,:ACTED_IN
600892,综合行业,行业,:ACTED_IN
000008,综合行业,行业,:ACTED_IN
000301,综合行业,行业,:ACTED_IN
000576,综合行业,行业,:ACTED_IN
000632,综合行业,行业,:ACTED_IN
000633,综合行业,行业,:ACTED_IN
000652,综合行业,行业,:ACTED_IN
000701,综合行业,行业,:ACTED_IN
000839,综合行业,行业,:ACTED_IN
000881,综合行业,行业,:ACTED_IN
000909,综合行业,行业,:ACTED_IN
600003,公路桥梁,行业,:ACTED_IN
600012,公路桥梁,行业,:ACTED_IN
600020,公路桥梁,行业,:ACTED_IN
600033,公路桥梁,行业,:ACTED_IN
600035,公路桥梁,行业,:ACTED_IN
600106,公路桥梁,行业,:ACTED_IN
600269,公路桥梁,行业,:ACTED_IN
600350,公路桥梁,行业,:ACTED_IN
600368,公路桥梁,行业,:ACTED_IN
600377,公路桥梁,行业,:ACTED_IN
600548,公路桥梁,行业,:ACTED_IN
601107,公路桥梁,行业,:ACTED_IN
601188,公路桥梁,行业,:ACTED_IN
601518,公路桥梁,行业,:ACTED_IN
000429,公路桥梁,行业,:ACTED_IN
000548,公路桥梁,行业,:ACTED_IN
000828,公路桥梁,行业,:ACTED_IN
000886,公路桥梁,行业,:ACTED_IN
000900,公路桥梁,行业,:ACTED_IN
000916,公路桥梁,行业,:ACTED_IN
600061,化纤行业,行业,:ACTED_IN
600063,化纤行业,行业,:ACTED_IN
600527,化纤行业,行业,:ACTED_IN
600810,化纤行业,行业,:ACTED_IN
600889,化纤行业,行业,:ACTED_IN
601113,化纤行业,行业,:ACTED_IN
601233,化纤行业,行业,:ACTED_IN
000420,化纤行业,行业,:ACTED_IN
000584,化纤行业,行业,:ACTED_IN
000615,化纤行业,行业,:ACTED_IN
000677,化纤行业,行业,:ACTED_IN
000687,化纤行业,行业,:ACTED_IN
000703,化纤行业,行业,:ACTED_IN
000782,化纤行业,行业,:ACTED_IN
000936,化纤行业,行业,:ACTED_IN
000949,化纤行业,行业,:ACTED_IN
000976,化纤行业,行业,:ACTED_IN
002015,化纤行业,行业,:ACTED_IN
002064,化纤行业,行业,:ACTED_IN
002080,化纤行业,行业,:ACTED_IN
002172,化纤行业,行业,:ACTED_IN
002206,化纤行业,行业,:ACTED_IN
002254,化纤行业,行业,:ACTED_IN
002427,化纤行业,行业,:ACTED_IN
002493,化纤行业,行业,:ACTED_IN
300180,化纤行业,行业,:ACTED_IN
600031,机械行业,行业,:ACTED_IN
600114,机械行业,行业,:ACTED_IN
600149,机械行业,行业,:ACTED_IN
600169,机械行业,行业,:ACTED_IN
600218,机械行业,行业,:ACTED_IN
600243,机械行业,行业,:ACTED_IN
600262,机械行业,行业,:ACTED_IN
600320,机械行业,行业,:ACTED_IN
600346,机械行业,行业,:ACTED_IN
600388,机械行业,行业,:ACTED_IN
600421,机械行业,行业,:ACTED_IN
600435,机械行业,行业,:ACTED_IN
600475,机械行业,行业,:ACTED_IN
600499,机械行业,行业,:ACTED_IN
600520,机械行业,行业,:ACTED_IN
600526,机械行业,行业,:ACTED_IN
600579,机械行业,行业,:ACTED_IN
600582,机械行业,行业,:ACTED_IN
600592,机械行业,行业,:ACTED_IN
600619,机械行业,行业,:ACTED_IN
600710,机械行业,行业,:ACTED_IN
600761,机械行业,行业,:ACTED_IN
600765,机械行业,行业,:ACTED_IN
600806,机械行业,行业,:ACTED_IN
600815,机械行业,行业,:ACTED_IN
600841,机械行业,行业,:ACTED_IN
600855,机械行业,行业,:ACTED_IN
600860,机械行业,行业,:ACTED_IN
600984,机械行业,行业,:ACTED_IN
601002,机械行业,行业,:ACTED_IN
601038,机械行业,行业,:ACTED_IN
601100,机械行业,行业,:ACTED_IN
601106,机械行业,行业,:ACTED_IN
601177,机械行业,行业,:ACTED_IN
601218,机械行业,行业,:ACTED_IN
601226,机械行业,行业,:ACTED_IN
601268,机械行业,行业,:ACTED_IN
601369,机械行业,行业,:ACTED_IN
601608,机械行业,行业,:ACTED_IN
601717,机械行业,行业,:ACTED_IN
601798,机械行业,行业,:ACTED_IN
603011,机械行业,行业,:ACTED_IN
603012,机械行业,行业,:ACTED_IN
603088,机械行业,行业,:ACTED_IN
603169,机械行业,行业,:ACTED_IN
603308,机械行业,行业,:ACTED_IN
603315,机械行业,行业,:ACTED_IN
603318,机械行业,行业,:ACTED_IN
603338,机械行业,行业,:ACTED_IN
603355,机械行业,行业,:ACTED_IN
603698,机械行业,行业,:ACTED_IN
603699,机械行业,行业,:ACTED_IN
603789,机械行业,行业,:ACTED_IN
000039,机械行业,行业,:ACTED_IN
000157,机械行业,行业,:ACTED_IN
000404,机械行业,行业,:ACTED_IN
000410,机械行业,行业,:ACTED_IN
000425,机械行业,行业,:ACTED_IN
000519,机械行业,行业,:ACTED_IN
000528,机械行业,行业,:ACTED_IN
000530,机械行业,行业,:ACTED_IN
000551,机械行业,行业,:ACTED_IN
000570,机械行业,行业,:ACTED_IN
000595,机械行业,行业,:ACTED_IN
000617,机械行业,行业,:ACTED_IN
000678,机械行业,行业,:ACTED_IN
000680,机械行业,行业,:ACTED_IN
000777,机械行业,行业,:ACTED_IN
000811,机械行业,行业,:ACTED_IN
000816,机械行业,行业,:ACTED_IN
000821,机械行业,行业,:ACTED_IN
000837,机械行业,行业,:ACTED_IN
000852,机械行业,行业,:ACTED_IN
000856,机械行业,行业,:ACTED_IN
000880,机械行业,行业,:ACTED_IN
000903,机械行业,行业,:ACTED_IN
000923,机械行业,行业,:ACTED_IN
000925,机械行业,行业,:ACTED_IN
002006,机械行业,行业,:ACTED_IN
002009,机械行业,行业,:ACTED_IN
002011,机械行业,行业,:ACTED_IN
002026,机械行业,行业,:ACTED_IN
002046,机械行业,行业,:ACTED_IN
002050,机械行业,行业,:ACTED_IN
002097,机械行业,行业,:ACTED_IN
002101,机械行业,行业,:ACTED_IN
002122,机械行业,行业,:ACTED_IN
002131,机械行业,行业,:ACTED_IN
002147,机械行业,行业,:ACTED_IN
002150,机械行业,行业,:ACTED_IN
002158,机械行业,行业,:ACTED_IN
002204,机械行业,行业,:ACTED_IN
002209,机械行业,行业,:ACTED_IN
002248,机械行业,行业,:ACTED_IN
002255,机械行业,行业,:ACTED_IN
002270,机械行业,行业,:ACTED_IN
002272,机械行业,行业,:ACTED_IN
002278,机械行业,行业,:ACTED_IN
002282,机械行业,行业,:ACTED_IN
002328,机械行业,行业,:ACTED_IN
002337,机械行业,行业,:ACTED_IN
002342,机械行业,行业,:ACTED_IN
002347,机械行业,行业,:ACTED_IN
002353,机械行业,行业,:ACTED_IN
002366,机械行业,行业,:ACTED_IN
002413,机械行业,行业,:ACTED_IN
002418,机械行业,行业,:ACTED_IN
002430,机械行业,行业,:ACTED_IN
002435,机械行业,行业,:ACTED_IN
002438,机械行业,行业,:ACTED_IN
002444,机械行业,行业,:ACTED_IN
002445,机械行业,行业,:ACTED_IN
002459,机械行业,行业,:ACTED_IN
002472,机械行业,行业,:ACTED_IN
002480,机械行业,行业,:ACTED_IN
002483,机械行业,行业,:ACTED_IN
002490,机械行业,行业,:ACTED_IN
002499,机械行业,行业,:ACTED_IN
002509,机械行业,行业,:ACTED_IN
002514,机械行业,行业,:ACTED_IN
002520,机械行业,行业,:ACTED_IN
002523,机械行业,行业,:ACTED_IN
002526,机械行业,行业,:ACTED_IN
002529,机械行业,行业,:ACTED_IN
002530,机械行业,行业,:ACTED_IN
002532,机械行业,行业,:ACTED_IN
002534,机械行业,行业,:ACTED_IN
002535,机械行业,行业,:ACTED_IN
002537,机械行业,行业,:ACTED_IN
002552,机械行业,行业,:ACTED_IN
002553,机械行业,行业,:ACTED_IN
002559,机械行业,行业,:ACTED_IN
002564,机械行业,行业,:ACTED_IN
002591,机械行业,行业,:ACTED_IN
002595,机械行业,行业,:ACTED_IN
002598,机械行业,行业,:ACTED_IN
002611,机械行业,行业,:ACTED_IN
002613,机械行业,行业,:ACTED_IN
002621,机械行业,行业,:ACTED_IN
002630,机械行业,行业,:ACTED_IN
002633,机械行业,行业,:ACTED_IN
002639,机械行业,行业,:ACTED_IN
002645,机械行业,行业,:ACTED_IN
002651,机械行业,行业,:ACTED_IN
002667,机械行业,行业,:ACTED_IN
002680,机械行业,行业,:ACTED_IN
002685,机械行业,行业,:ACTED_IN
002686,机械行业,行业,:ACTED_IN
002690,机械行业,行业,:ACTED_IN
002691,机械行业,行业,:ACTED_IN
002698,机械行业,行业,:ACTED_IN
002747,机械行业,行业,:ACTED_IN
300023,机械行业,行业,:ACTED_IN
300024,机械行业,行业,:ACTED_IN
300035,机械行业,行业,:ACTED_IN
300056,机械行业,行业,:ACTED_IN
300090,机械行业,行业,:ACTED_IN
300091,机械行业,行业,:ACTED_IN
300092,机械行业,行业,:ACTED_IN
300095,机械行业,行业,:ACTED_IN
300103,机械行业,行业,:ACTED_IN
300116,机械行业,行业,:ACTED_IN
300126,机械行业,行业,:ACTED_IN
300145,机械行业,行业,:ACTED_IN
300151,机械行业,行业,:ACTED_IN
300152,机械行业,行业,:ACTED_IN
300159,机械行业,行业,:ACTED_IN
300161,机械行业,行业,:ACTED_IN
300173,机械行业,行业,:ACTED_IN
300185,机械行业,行业,:ACTED_IN
300193,机械行业,行业,:ACTED_IN
300195,机械行业,行业,:ACTED_IN
300201,机械行业,行业,:ACTED_IN
300202,机械行业,行业,:ACTED_IN
300210,机械行业,行业,:ACTED_IN
300228,机械行业,行业,:ACTED_IN
300249,机械行业,行业,:ACTED_IN
300257,机械行业,行业,:ACTED_IN
300260,机械行业,行业,:ACTED_IN
300263,机械行业,行业,:ACTED_IN
300266,机械行业,行业,:ACTED_IN
300272,机械行业,行业,:ACTED_IN
300276,机械行业,行业,:ACTED_IN
300278,机械行业,行业,:ACTED_IN
300280,机械行业,行业,:ACTED_IN
300281,机械行业,行业,:ACTED_IN
300293,机械行业,行业,:ACTED_IN
300307,机械行业,行业,:ACTED_IN
300308,机械行业,行业,:ACTED_IN
300309,机械行业,行业,:ACTED_IN
300316,机械行业,行业,:ACTED_IN
300334,机械行业,行业,:ACTED_IN
300358,机械行业,行业,:ACTED_IN
300362,机械行业,行业,:ACTED_IN
300368,机械行业,行业,:ACTED_IN
300382,机械行业,行业,:ACTED_IN
300385,机械行业,行业,:ACTED_IN
300391,机械行业,行业,:ACTED_IN
300400,机械行业,行业,:ACTED_IN
300402,机械行业,行业,:ACTED_IN
300411,机械行业,行业,:ACTED_IN
300415,机械行业,行业,:ACTED_IN
300420,机械行业,行业,:ACTED_IN
300421,机械行业,行业,:ACTED_IN
300425,机械行业,行业,:ACTED_IN
300427,机械行业,行业,:ACTED_IN
300434,机械行业,行业,:ACTED_IN
300435,机械行业,行业,:ACTED_IN
300441,机械行业,行业,:ACTED_IN
300442,机械行业,行业,:ACTED_IN
300443,机械行业,行业,:ACTED_IN
600062,生物制药,行业,:ACTED_IN
600079,生物制药,行业,:ACTED_IN
600080,生物制药,行业,:ACTED_IN
600085,生物制药,行业,:ACTED_IN
600129,生物制药,行业,:ACTED_IN
600161,生物制药,行业,:ACTED_IN
600196,生物制药,行业,:ACTED_IN
600200,生物制药,行业,:ACTED_IN
600201,生物制药,行业,:ACTED_IN
600211,生物制药,行业,:ACTED_IN
600216,生物制药,行业,:ACTED_IN
600222,生物制药,行业,:ACTED_IN
600252,生物制药,行业,:ACTED_IN
600253,生物制药,行业,:ACTED_IN
600267,生物制药,行业,:ACTED_IN
600276,生物制药,行业,:ACTED_IN
600285,生物制药,行业,:ACTED_IN
600329,生物制药,行业,:ACTED_IN
600332,生物制药,行业,:ACTED_IN
600351,生物制药,行业,:ACTED_IN
600380,生物制药,行业,:ACTED_IN
600420,生物制药,行业,:ACTED_IN
600422,生物制药,行业,:ACTED_IN
600436,生物制药,行业,:ACTED_IN
600466,生物制药,行业,:ACTED_IN
600479,生物制药,行业,:ACTED_IN
600488,生物制药,行业,:ACTED_IN
600513,生物制药,行业,:ACTED_IN
600518,生物制药,行业,:ACTED_IN
600521,生物制药,行业,:ACTED_IN
600530,生物制药,行业,:ACTED_IN
600535,生物制药,行业,:ACTED_IN
600557,生物制药,行业,:ACTED_IN
600566,生物制药,行业,:ACTED_IN
600572,生物制药,行业,:ACTED_IN
600594,生物制药,行业,:ACTED_IN
600613,生物制药,行业,:ACTED_IN
600645,生物制药,行业,:ACTED_IN
600664,生物制药,行业,:ACTED_IN
600666,生物制药,行业,:ACTED_IN
600671,生物制药,行业,:ACTED_IN
600750,生物制药,行业,:ACTED_IN
600771,生物制药,行业,:ACTED_IN
600781,生物制药,行业,:ACTED_IN
600789,生物制药,行业,:ACTED_IN
600812,生物制药,行业,:ACTED_IN
600829,生物制药,行业,:ACTED_IN
600867,生物制药,行业,:ACTED_IN
600976,生物制药,行业,:ACTED_IN
600993,生物制药,行业,:ACTED_IN
603168,生物制药,行业,:ACTED_IN
603222,生物制药,行业,:ACTED_IN
603456,生物制药,行业,:ACTED_IN
603567,生物制药,行业,:ACTED_IN
603998,生物制药,行业,:ACTED_IN
000004,生物制药,行业,:ACTED_IN
000078,生物制药,行业,:ACTED_IN
000153,生物制药,行业,:ACTED_IN
000403,生物制药,行业,:ACTED_IN
000423,生物制药,行业,:ACTED_IN
000513,生物制药,行业,:ACTED_IN
000518,生物制药,行业,:ACTED_IN
000522,生物制药,行业,:ACTED_IN
000538,生物制药,行业,:ACTED_IN
000566,生物制药,行业,:ACTED_IN
000590,生物制药,行业,:ACTED_IN
000597,生物制药,行业,:ACTED_IN
000606,生物制药,行业,:ACTED_IN
000623,生物制药,行业,:ACTED_IN
000650,生物制药,行业,:ACTED_IN
000661,生物制药,行业,:ACTED_IN
000739,生物制药,行业,:ACTED_IN
000756,生物制药,行业,:ACTED_IN
000766,生物制药,行业,:ACTED_IN
000788,生物制药,行业,:ACTED_IN
000790,生物制药,行业,:ACTED_IN
000908,生物制药,行业,:ACTED_IN
000915,生物制药,行业,:ACTED_IN
000919,生物制药,行业,:ACTED_IN
000952,生物制药,行业,:ACTED_IN
000963,生物制药,行业,:ACTED_IN
000989,生物制药,行业,:ACTED_IN
000999,生物制药,行业,:ACTED_IN
002001,生物制药,行业,:ACTED_IN
002007,生物制药,行业,:ACTED_IN
002019,生物制药,行业,:ACTED_IN
002020,生物制药,行业,:ACTED_IN
002022,生物制药,行业,:ACTED_IN
002030,生物制药,行业,:ACTED_IN
002038,生物制药,行业,:ACTED_IN
002099,生物制药,行业,:ACTED_IN
002107,生物制药,行业,:ACTED_IN
002118,生物制药,行业,:ACTED_IN
002166,生物制药,行业,:ACTED_IN
002198,生物制药,行业,:ACTED_IN
002219,生物制药,行业,:ACTED_IN
002252,生物制药,行业,:ACTED_IN
002262,生物制药,行业,:ACTED_IN
002275,生物制药,行业,:ACTED_IN
002287,生物制药,行业,:ACTED_IN
002294,生物制药,行业,:ACTED_IN
002317,生物制药,行业,:ACTED_IN
002332,生物制药,行业,:ACTED_IN
002349,生物制药,行业,:ACTED_IN
002365,生物制药,行业,:ACTED_IN
002370,生物制药,行业,:ACTED_IN
002390,生物制药,行业,:ACTED_IN
002393,生物制药,行业,:ACTED_IN
002399,生物制药,行业,:ACTED_IN
002412,生物制药,行业,:ACTED_IN
002422,生物制药,行业,:ACTED_IN
002424,生物制药,行业,:ACTED_IN
002433,生物制药,行业,:ACTED_IN
002437,生物制药,行业,:ACTED_IN
002550,生物制药,行业,:ACTED_IN
002566,生物制药,行业,:ACTED_IN
002603,生物制药,行业,:ACTED_IN
002644,生物制药,行业,:ACTED_IN
002653,生物制药,行业,:ACTED_IN
002675,生物制药,行业,:ACTED_IN
002688,生物制药,行业,:ACTED_IN
002693,生物制药,行业,:ACTED_IN
002727,生物制药,行业,:ACTED_IN
002728,生物制药,行业,:ACTED_IN
002737,生物制药,行业,:ACTED_IN
002750,生物制药,行业,:ACTED_IN
300006,生物制药,行业,:ACTED_IN
300009,生物制药,行业,:ACTED_IN
300016,生物制药,行业,:ACTED_IN
300026,生物制药,行业,:ACTED_IN
300039,生物制药,行业,:ACTED_IN
300049,生物制药,行业,:ACTED_IN
300086,生物制药,行业,:ACTED_IN
300110,生物制药,行业,:ACTED_IN
300119,生物制药,行业,:ACTED_IN
300122,生物制药,行业,:ACTED_IN
300142,生物制药,行业,:ACTED_IN
300147,生物制药,行业,:ACTED_IN
300158,生物制药,行业,:ACTED_IN
300181,生物制药,行业,:ACTED_IN
300194,生物制药,行业,:ACTED_IN
300199,生物制药,行业,:ACTED_IN
300204,生物制药,行业,:ACTED_IN
300233,生物制药,行业,:ACTED_IN
300239,生物制药,行业,:ACTED_IN
300254,生物制药,行业,:ACTED_IN
300255,生物制药,行业,:ACTED_IN
300267,生物制药,行业,:ACTED_IN
300289,生物制药,行业,:ACTED_IN
300294,生物制药,行业,:ACTED_IN
300357,生物制药,行业,:ACTED_IN
300363,生物制药,行业,:ACTED_IN
300406,生物制药,行业,:ACTED_IN
300436,生物制药,行业,:ACTED_IN
300439,生物制药,行业,:ACTED_IN
600002,石油行业,行业,:ACTED_IN
600028,石油行业,行业,:ACTED_IN
600387,石油行业,行业,:ACTED_IN
600583,石油行业,行业,:ACTED_IN
600688,石油行业,行业,:ACTED_IN
600759,石油行业,行业,:ACTED_IN
600871,石油行业,行业,:ACTED_IN
601808,石油行业,行业,:ACTED_IN
601857,石油行业,行业,:ACTED_IN
603003,石油行业,行业,:ACTED_IN
000059,石油行业,行业,:ACTED_IN
000096,石油行业,行业,:ACTED_IN
000159,石油行业,行业,:ACTED_IN
000554,石油行业,行业,:ACTED_IN
000637,石油行业,行业,:ACTED_IN
000819,石油行业,行业,:ACTED_IN
002207,石油行业,行业,:ACTED_IN
002221,石油行业,行业,:ACTED_IN
002554,石油行业,行业,:ACTED_IN
002629,石油行业,行业,:ACTED_IN
300084,石油行业,行业,:ACTED_IN
300157,石油行业,行业,:ACTED_IN
300164,石油行业,行业,:ACTED_IN
300191,石油行业,行业,:ACTED_IN
600176,玻璃行业,行业,:ACTED_IN
600184,玻璃行业,行业,:ACTED_IN
600293,玻璃行业,行业,:ACTED_IN
600529,玻璃行业,行业,:ACTED_IN
600552,玻璃行业,行业,:ACTED_IN
600586,玻璃行业,行业,:ACTED_IN
600629,玻璃行业,行业,:ACTED_IN
600819,玻璃行业,行业,:ACTED_IN
600876,玻璃行业,行业,:ACTED_IN
601636,玻璃行业,行业,:ACTED_IN
603021,玻璃行业,行业,:ACTED_IN
603601,玻璃行业,行业,:ACTED_IN
000012,玻璃行业,行业,:ACTED_IN
002571,玻璃行业,行业,:ACTED_IN
002623,玻璃行业,行业,:ACTED_IN
300093,玻璃行业,行业,:ACTED_IN
300160,玻璃行业,行业,:ACTED_IN
300196,玻璃行业,行业,:ACTED_IN
300395,玻璃行业,行业,:ACTED_IN
600366,仪器仪表,行业,:ACTED_IN
600651,仪器仪表,行业,:ACTED_IN
600848,仪器仪表,行业,:ACTED_IN
601222,仪器仪表,行业,:ACTED_IN
601567,仪器仪表,行业,:ACTED_IN
603100,仪器仪表,行业,:ACTED_IN
000676,仪器仪表,行业,:ACTED_IN
000980,仪器仪表,行业,:ACTED_IN
000988,仪器仪表,行业,:ACTED_IN
002008,仪器仪表,行业,:ACTED_IN
002058,仪器仪表,行业,:ACTED_IN
002121,仪器仪表,行业,:ACTED_IN
002175,仪器仪表,行业,:ACTED_IN
002197,仪器仪表,行业,:ACTED_IN
002214,仪器仪表,行业,:ACTED_IN
002236,仪器仪表,行业,:ACTED_IN
002338,仪器仪表,行业,:ACTED_IN
002356,仪器仪表,行业,:ACTED_IN
002414,仪器仪表,行业,:ACTED_IN
002415,仪器仪表,行业,:ACTED_IN
002518,仪器仪表,行业,:ACTED_IN
002527,仪器仪表,行业,:ACTED_IN
002658,仪器仪表,行业,:ACTED_IN
300007,仪器仪表,行业,:ACTED_IN
300012,仪器仪表,行业,:ACTED_IN
300066,仪器仪表,行业,:ACTED_IN
300097,仪器仪表,行业,:ACTED_IN
300099,仪器仪表,行业,:ACTED_IN
300105,仪器仪表,行业,:ACTED_IN
300112,仪器仪表,行业,:ACTED_IN
300124,仪器仪表,行业,:ACTED_IN
300137,仪器仪表,行业,:ACTED_IN
300165,仪器仪表,行业,:ACTED_IN
300203,仪器仪表,行业,:ACTED_IN
300259,仪器仪表,行业,:ACTED_IN
300286,仪器仪表,行业,:ACTED_IN
300306,仪器仪表,行业,:ACTED_IN
300338,仪器仪表,行业,:ACTED_IN
300349,仪器仪表,行业,:ACTED_IN
300354,仪器仪表,行业,:ACTED_IN
300360,仪器仪表,行业,:ACTED_IN
300370,仪器仪表,行业,:ACTED_IN
300371,仪器仪表,行业,:ACTED_IN
300410,仪器仪表,行业,:ACTED_IN
300416,仪器仪表,行业,:ACTED_IN
300417,仪器仪表,行业,:ACTED_IN
300430,仪器仪表,行业,:ACTED_IN
300445,仪器仪表,行业,:ACTED_IN
600004,交通运输,行业,:ACTED_IN
600009,交通运输,行业,:ACTED_IN
600017,交通运输,行业,:ACTED_IN
600018,交通运输,行业,:ACTED_IN
600026,交通运输,行业,:ACTED_IN
600029,交通运输,行业,:ACTED_IN
600057,交通运输,行业,:ACTED_IN
600087,交通运输,行业,:ACTED_IN
600115,交通运输,行业,:ACTED_IN
600119,交通运输,行业,:ACTED_IN
600125,交通运输,行业,:ACTED_IN
600180,交通运输,行业,:ACTED_IN
600190,交通运输,行业,:ACTED_IN
600221,交通运输,行业,:ACTED_IN
600242,交通运输,行业,:ACTED_IN
600270,交通运输,行业,:ACTED_IN
600279,交通运输,行业,:ACTED_IN
600317,交通运输,行业,:ACTED_IN
600386,交通运输,行业,:ACTED_IN
600428,交通运输,行业,:ACTED_IN
600495,交通运输,行业,:ACTED_IN
600561,交通运输,行业,:ACTED_IN
600575,交通运输,行业,:ACTED_IN
600611,交通运输,行业,:ACTED_IN
600650,交通运输,行业,:ACTED_IN
600662,交通运输,行业,:ACTED_IN
600692,交通运输,行业,:ACTED_IN
600708,交通运输,行业,:ACTED_IN
600717,交通运输,行业,:ACTED_IN
600751,交通运输,行业,:ACTED_IN
600787,交通运输,行业,:ACTED_IN
600794,交通运输,行业,:ACTED_IN
600798,交通运输,行业,:ACTED_IN
600834,交通运输,行业,:ACTED_IN
600835,交通运输,行业,:ACTED_IN
600894,交通运输,行业,:ACTED_IN
600896,交通运输,行业,:ACTED_IN
600897,交通运输,行业,:ACTED_IN
600967,交通运输,行业,:ACTED_IN
601000,交通运输,行业,:ACTED_IN
601006,交通运输,行业,:ACTED_IN
601008,交通运输,行业,:ACTED_IN
601018,交通运输,行业,:ACTED_IN
601021,交通运输,行业,:ACTED_IN
601111,交通运输,行业,:ACTED_IN
601299,交通运输,行业,:ACTED_IN
601313,交通运输,行业,:ACTED_IN
601333,交通运输,行业,:ACTED_IN
601766,交通运输,行业,:ACTED_IN
601866,交通运输,行业,:ACTED_IN
601872,交通运输,行业,:ACTED_IN
601880,交通运输,行业,:ACTED_IN
601919,交通运输,行业,:ACTED_IN
603111,交通运输,行业,:ACTED_IN
603128,交通运输,行业,:ACTED_IN
603167,交通运输,行业,:ACTED_IN
603611,交通运输,行业,:ACTED_IN
000022,交通运输,行业,:ACTED_IN
000088,交通运输,行业,:ACTED_IN
000089,交通运输,行业,:ACTED_IN
000099,交通运输,行业,:ACTED_IN
000421,交通运输,行业,:ACTED_IN
000507,交通运输,行业,:ACTED_IN
000520,交通运输,行业,:ACTED_IN
000582,交通运输,行业,:ACTED_IN
000594,交通运输,行业,:ACTED_IN
000905,交通运输,行业,:ACTED_IN
000920,交通运输,行业,:ACTED_IN
000996,交通运输,行业,:ACTED_IN
002040,交通运输,行业,:ACTED_IN
002183,交通运输,行业,:ACTED_IN
002210,交通运输,行业,:ACTED_IN
002245,交通运输,行业,:ACTED_IN
002320,交通运输,行业,:ACTED_IN
002357,交通运输,行业,:ACTED_IN
002367,交通运输,行业,:ACTED_IN
002448,交通运输,行业,:ACTED_IN
002492,交通运输,行业,:ACTED_IN
002592,交通运输,行业,:ACTED_IN
002627,交通运输,行业,:ACTED_IN
002682,交通运输,行业,:ACTED_IN
002689,交通运输,行业,:ACTED_IN
002711,交通运输,行业,:ACTED_IN
300011,交通运输,行业,:ACTED_IN
300013,交通运输,行业,:ACTED_IN
300240,交通运输,行业,:ACTED_IN
300350,交通运输,行业,:ACTED_IN
600038,飞机制造,行业,:ACTED_IN
600118,飞机制造,行业,:ACTED_IN
600316,飞机制造,行业,:ACTED_IN
600343,飞机制造,行业,:ACTED_IN
600372,飞机制造,行业,:ACTED_IN
600391,飞机制造,行业,:ACTED_IN
600879,飞机制造,行业,:ACTED_IN
600893,飞机制造,行业,:ACTED_IN
000738,飞机制造,行业,:ACTED_IN
000768,飞机制造,行业,:ACTED_IN
000901,飞机制造,行业,:ACTED_IN
002023,飞机制造,行业,:ACTED_IN
002111,飞机制造,行业,:ACTED_IN
300424,飞机制造,行业,:ACTED_IN
600097,农林牧渔,行业,:ACTED_IN
600108,农林牧渔,行业,:ACTED_IN
600127,农林牧渔,行业,:ACTED_IN
600189,农林牧渔,行业,:ACTED_IN
600195,农林牧渔,行业,:ACTED_IN
600251,农林牧渔,行业,:ACTED_IN
600257,农林牧渔,行业,:ACTED_IN
600265,农林牧渔,行业,:ACTED_IN
600275,农林牧渔,行业,:ACTED_IN
600313,农林牧渔,行业,:ACTED_IN
600354,农林牧渔,行业,:ACTED_IN
600359,农林牧渔,行业,:ACTED_IN
600371,农林牧渔,行业,:ACTED_IN
600438,农林牧渔,行业,:ACTED_IN
600467,农林牧渔,行业,:ACTED_IN
600506,农林牧渔,行业,:ACTED_IN
600540,农林牧渔,行业,:ACTED_IN
600598,农林牧渔,行业,:ACTED_IN
600965,农林牧渔,行业,:ACTED_IN
600975,农林牧渔,行业,:ACTED_IN
601996,农林牧渔,行业,:ACTED_IN
603609,农林牧渔,行业,:ACTED_IN
000048,农林牧渔,行业,:ACTED_IN
000061,农林牧渔,行业,:ACTED_IN
000592,农林牧渔,行业,:ACTED_IN
000663,农林牧渔,行业,:ACTED_IN
000702,农林牧渔,行业,:ACTED_IN
000713,农林牧渔,行业,:ACTED_IN
000735,农林牧渔,行业,:ACTED_IN
000798,农林牧渔,行业,:ACTED_IN
000876,农林牧渔,行业,:ACTED_IN
000998,农林牧渔,行业,:ACTED_IN
002041,农林牧渔,行业,:ACTED_IN
002069,农林牧渔,行业,:ACTED_IN
002086,农林牧渔,行业,:ACTED_IN
002100,农林牧渔,行业,:ACTED_IN
002124,农林牧渔,行业,:ACTED_IN
002157,农林牧渔,行业,:ACTED_IN
002173,农林牧渔,行业,:ACTED_IN
002234,农林牧渔,行业,:ACTED_IN
002299,农林牧渔,行业,:ACTED_IN
002311,农林牧渔,行业,:ACTED_IN
002321,农林牧渔,行业,:ACTED_IN
002385,农林牧渔,行业,:ACTED_IN
002447,农林牧渔,行业,:ACTED_IN
002458,农林牧渔,行业,:ACTED_IN
002477,农林牧渔,行业,:ACTED_IN
002505,农林牧渔,行业,:ACTED_IN
002548,农林牧渔,行业,:ACTED_IN
002567,农林牧渔,行业,:ACTED_IN
002679,农林牧渔,行业,:ACTED_IN
002696,农林牧渔,行业,:ACTED_IN
002714,农林牧渔,行业,:ACTED_IN
002746,农林牧渔,行业,:ACTED_IN
300021,农林牧渔,行业,:ACTED_IN
300087,农林牧渔,行业,:ACTED_IN
300094,农林牧渔,行业,:ACTED_IN
300106,农林牧渔,行业,:ACTED_IN
300143,农林牧渔,行业,:ACTED_IN
300186,农林牧渔,行业,:ACTED_IN
300189,农林牧渔,行业,:ACTED_IN
300268,农林牧渔,行业,:ACTED_IN
300313,农林牧渔,行业,:ACTED_IN
300381,农林牧渔,行业,:ACTED_IN
600039,建筑建材,行业,:ACTED_IN
600068,建筑建材,行业,:ACTED_IN
600170,建筑建材,行业,:ACTED_IN
600248,建筑建材,行业,:ACTED_IN
600263,建筑建材,行业,:ACTED_IN
600284,建筑建材,行业,:ACTED_IN
600321,建筑建材,行业,:ACTED_IN
600326,建筑建材,行业,:ACTED_IN
600491,建筑建材,行业,:ACTED_IN
600502,建筑建材,行业,:ACTED_IN
600512,建筑建材,行业,:ACTED_IN
600528,建筑建材,行业,:ACTED_IN
600545,建筑建材,行业,:ACTED_IN
600634,建筑建材,行业,:ACTED_IN
600681,建筑建材,行业,:ACTED_IN
600820,建筑建材,行业,:ACTED_IN
600853,建筑建材,行业,:ACTED_IN
600970,建筑建材,行业,:ACTED_IN
600986,建筑建材,行业,:ACTED_IN
601117,建筑建材,行业,:ACTED_IN
601186,建筑建材,行业,:ACTED_IN
601390,建筑建材,行业,:ACTED_IN
601618,建筑建材,行业,:ACTED_IN
601668,建筑建材,行业,:ACTED_IN
601669,建筑建材,行业,:ACTED_IN
601789,建筑建材,行业,:ACTED_IN
601800,建筑建材,行业,:ACTED_IN
601886,建筑建材,行业,:ACTED_IN
603017,建筑建材,行业,:ACTED_IN
603018,建筑建材,行业,:ACTED_IN
603030,建筑建材,行业,:ACTED_IN
603828,建筑建材,行业,:ACTED_IN
603969,建筑建材,行业,:ACTED_IN
000010,建筑建材,行业,:ACTED_IN
000023,建筑建材,行业,:ACTED_IN
000055,建筑建材,行业,:ACTED_IN
000065,建筑建材,行业,:ACTED_IN
000090,建筑建材,行业,:ACTED_IN
000498,建筑建材,行业,:ACTED_IN
000509,建筑建材,行业,:ACTED_IN
000619,建筑建材,行业,:ACTED_IN
000786,建筑建材,行业,:ACTED_IN
000928,建筑建材,行业,:ACTED_IN
000961,建筑建材,行业,:ACTED_IN
002043,建筑建材,行业,:ACTED_IN
002047,建筑建材,行业,:ACTED_IN
002051,建筑建材,行业,:ACTED_IN
002060,建筑建材,行业,:ACTED_IN
002062,建筑建材,行业,:ACTED_IN
002066,建筑建材,行业,:ACTED_IN
002081,建筑建材,行业,:ACTED_IN
002116,建筑建材,行业,:ACTED_IN
002135,建筑建材,行业,:ACTED_IN
002140,建筑建材,行业,:ACTED_IN
002163,建筑建材,行业,:ACTED_IN
002178,建筑建材,行业,:ACTED_IN
002205,建筑建材,行业,:ACTED_IN
002225,建筑建材,行业,:ACTED_IN
002247,建筑建材,行业,:ACTED_IN
002271,建筑建材,行业,:ACTED_IN
002307,建筑建材,行业,:ACTED_IN
002310,建筑建材,行业,:ACTED_IN
002314,建筑建材,行业,:ACTED_IN
002325,建筑建材,行业,:ACTED_IN
002372,建筑建材,行业,:ACTED_IN
002375,建筑建材,行业,:ACTED_IN
002392,建筑建材,行业,:ACTED_IN
002398,建筑建材,行业,:ACTED_IN
002431,建筑建材,行业,:ACTED_IN
002468,建筑建材,行业,:ACTED_IN
002469,建筑建材,行业,:ACTED_IN
002482,建筑建材,行业,:ACTED_IN
002542,建筑建材,行业,:ACTED_IN
002586,建筑建材,行业,:ACTED_IN
002596,建筑建材,行业,:ACTED_IN
002620,建筑建材,行业,:ACTED_IN
002628,建筑建材,行业,:ACTED_IN
002652,建筑建材,行业,:ACTED_IN
002659,建筑建材,行业,:ACTED_IN
002663,建筑建材,行业,:ACTED_IN
002671,建筑建材,行业,:ACTED_IN
002713,建筑建材,行业,:ACTED_IN
002717,建筑建材,行业,:ACTED_IN
002738,建筑建材,行业,:ACTED_IN
002742,建筑建材,行业,:ACTED_IN
300080,建筑建材,行业,:ACTED_IN
300117,建筑建材,行业,:ACTED_IN
300163,建筑建材,行业,:ACTED_IN
300284,建筑建材,行业,:ACTED_IN
300344,建筑建材,行业,:ACTED_IN
300374,建筑建材,行业,:ACTED_IN
600143,塑料制品,行业,:ACTED_IN
600146,塑料制品,行业,:ACTED_IN
600444,塑料制品,行业,:ACTED_IN
600458,塑料制品,行业,:ACTED_IN
600589,塑料制品,行业,:ACTED_IN
603806,塑料制品,行业,:ACTED_IN
000407,塑料制品,行业,:ACTED_IN
000859,塑料制品,行业,:ACTED_IN
000973,塑料制品,行业,:ACTED_IN
002002,塑料制品,行业,:ACTED_IN
002108,塑料制品,行业,:ACTED_IN
002243,塑料制品,行业,:ACTED_IN
002263,塑料制品,行业,:ACTED_IN
002324,塑料制品,行业,:ACTED_IN
002343,塑料制品,行业,:ACTED_IN
002420,塑料制品,行业,:ACTED_IN
002457,塑料制品,行业,:ACTED_IN
002464,塑料制品,行业,:ACTED_IN
002522,塑料制品,行业,:ACTED_IN
002585,塑料制品,行业,:ACTED_IN
002641,塑料制品,行业,:ACTED_IN
002676,塑料制品,行业,:ACTED_IN
002694,塑料制品,行业,:ACTED_IN
002735,塑料制品,行业,:ACTED_IN
300169,塑料制品,行业,:ACTED_IN
300198,塑料制品,行业,:ACTED_IN
300218,塑料制品,行业,:ACTED_IN
300221,塑料制品,行业,:ACTED_IN
300230,塑料制品,行业,:ACTED_IN
300305,塑料制品,行业,:ACTED_IN
300321,塑料制品,行业,:ACTED_IN
300325,塑料制品,行业,:ACTED_IN
300393,塑料制品,行业,:ACTED_IN
600056,商业百货,行业,:ACTED_IN
600122,商业百货,行业,:ACTED_IN
600136,商业百货,行业,:ACTED_IN
600280,商业百货,行业,:ACTED_IN
600306,商业百货,行业,:ACTED_IN
600327,商业百货,行业,:ACTED_IN
600361,商业百货,行业,:ACTED_IN
600415,商业百货,行业,:ACTED_IN
600511,商业百货,行业,:ACTED_IN
600515,商业百货,行业,:ACTED_IN
600628,商业百货,行业,:ACTED_IN
600631,商业百货,行业,:ACTED_IN
600655,商业百货,行业,:ACTED_IN
600682,商业百货,行业,:ACTED_IN
600693,商业百货,行业,:ACTED_IN
600694,商业百货,行业,:ACTED_IN
600697,商业百货,行业,:ACTED_IN
600712,商业百货,行业,:ACTED_IN
600713,商业百货,行业,:ACTED_IN
600723,商业百货,行业,:ACTED_IN
600729,商业百货,行业,:ACTED_IN
600738,商业百货,行业,:ACTED_IN
600753,商业百货,行业,:ACTED_IN
600774,商业百货,行业,:ACTED_IN
600778,商业百货,行业,:ACTED_IN
600785,商业百货,行业,:ACTED_IN
600790,商业百货,行业,:ACTED_IN
600814,商业百货,行业,:ACTED_IN
600821,商业百货,行业,:ACTED_IN
600824,商业百货,行业,:ACTED_IN
600827,商业百货,行业,:ACTED_IN
600828,商业百货,行业,:ACTED_IN
600833,商业百货,行业,:ACTED_IN
600838,商业百货,行业,:ACTED_IN
600856,商业百货,行业,:ACTED_IN
600857,商业百货,行业,:ACTED_IN
600858,商业百货,行业,:ACTED_IN
600859,商业百货,行业,:ACTED_IN
600861,商业百货,行业,:ACTED_IN
600865,商业百货,行业,:ACTED_IN
600891,商业百货,行业,:ACTED_IN
600898,商业百货,行业,:ACTED_IN
600998,商业百货,行业,:ACTED_IN
601010,商业百货,行业,:ACTED_IN
601116,商业百货,行业,:ACTED_IN
601607,商业百货,行业,:ACTED_IN
601933,商业百货,行业,:ACTED_IN
603123,商业百货,行业,:ACTED_IN
603368,商业百货,行业,:ACTED_IN
603883,商业百货,行业,:ACTED_IN
603939,商业百货,行业,:ACTED_IN
000026,商业百货,行业,:ACTED_IN
000028,商业百货,行业,:ACTED_IN
000062,商业百货,行业,:ACTED_IN
000408,商业百货,行业,:ACTED_IN
000411,商业百货,行业,:ACTED_IN
000416,商业百货,行业,:ACTED_IN
000417,商业百货,行业,:ACTED_IN
000419,商业百货,行业,:ACTED_IN
000501,商业百货,行业,:ACTED_IN
000516,商业百货,行业,:ACTED_IN
000560,商业百货,行业,:ACTED_IN
000564,商业百货,行业,:ACTED_IN
000587,商业百货,行业,:ACTED_IN
000591,商业百货,行业,:ACTED_IN
000638,商业百货,行业,:ACTED_IN
000679,商业百货,行业,:ACTED_IN
000705,商业百货,行业,:ACTED_IN
000715,商业百货,行业,:ACTED_IN
000759,商业百货,行业,:ACTED_IN
000785,商业百货,行业,:ACTED_IN
000829,商业百货,行业,:ACTED_IN
000882,商业百货,行业,:ACTED_IN
000889,商业百货,行业,:ACTED_IN
000906,商业百货,行业,:ACTED_IN
000987,商业百货,行业,:ACTED_IN
002024,商业百货,行业,:ACTED_IN
002187,商业百货,行业,:ACTED_IN
002251,商业百货,行业,:ACTED_IN
002264,商业百货,行业,:ACTED_IN
002277,商业百货,行业,:ACTED_IN
002336,商业百货,行业,:ACTED_IN
002344,商业百货,行业,:ACTED_IN
002416,商业百货,行业,:ACTED_IN
002419,商业百货,行业,:ACTED_IN
002441,商业百货,行业,:ACTED_IN
002462,商业百货,行业,:ACTED_IN
002556,商业百货,行业,:ACTED_IN
002561,商业百货,行业,:ACTED_IN
002589,商业百货,行业,:ACTED_IN
002697,商业百货,行业,:ACTED_IN
300022,商业百货,行业,:ACTED_IN
300413,商业百货,行业,:ACTED_IN
600070,纺织行业,行业,:ACTED_IN
600152,纺织行业,行业,:ACTED_IN
600156,纺织行业,行业,:ACTED_IN
600220,纺织行业,行业,:ACTED_IN
600232,纺织行业,行业,:ACTED_IN
600370,纺织行业,行业,:ACTED_IN
600448,纺织行业,行业,:ACTED_IN
600493,纺织行业,行业,:ACTED_IN
600626,纺织行业,行业,:ACTED_IN
600630,纺织行业,行业,:ACTED_IN
600689,纺织行业,行业,:ACTED_IN
600735,纺织行业,行业,:ACTED_IN
600851,纺织行业,行业,:ACTED_IN
600987,纺织行业,行业,:ACTED_IN
601339,纺织行业,行业,:ACTED_IN
601599,纺织行业,行业,:ACTED_IN
603558,纺织行业,行业,:ACTED_IN
603889,纺织行业,行业,:ACTED_IN
000018,纺织行业,行业,:ACTED_IN
000045,纺织行业,行业,:ACTED_IN
000158,纺织行业,行业,:ACTED_IN
000611,纺织行业,行业,:ACTED_IN
000726,纺织行业,行业,:ACTED_IN
000779,纺织行业,行业,:ACTED_IN
000803,纺织行业,行业,:ACTED_IN
000813,纺织行业,行业,:ACTED_IN
000850,纺织行业,行业,:ACTED_IN
000955,纺织行业,行业,:ACTED_IN
000971,纺织行业,行业,:ACTED_IN
000982,纺织行业,行业,:ACTED_IN
002034,纺织行业,行业,:ACTED_IN
002042,纺织行业,行业,:ACTED_IN
002070,纺织行业,行业,:ACTED_IN
002072,纺织行业,行业,:ACTED_IN
002083,纺织行业,行业,:ACTED_IN
002087,纺织行业,行业,:ACTED_IN
002127,纺织行业,行业,:ACTED_IN
002144,纺织行业,行业,:ACTED_IN
002193,纺织行业,行业,:ACTED_IN
002394,纺织行业,行业,:ACTED_IN
002404,纺织行业,行业,:ACTED_IN
002516,纺织行业,行业,:ACTED_IN
600055,医疗器械,行业,:ACTED_IN
600297,医疗器械,行业,:ACTED_IN
600587,医疗器械,行业,:ACTED_IN
600763,医疗器械,行业,:ACTED_IN
603309,医疗器械,行业,:ACTED_IN
000150,医疗器械,行业,:ACTED_IN
002223,医疗器械,行业,:ACTED_IN
002382,医疗器械,行业,:ACTED_IN
002432,医疗器械,行业,:ACTED_IN
002551,医疗器械,行业,:ACTED_IN
002614,医疗器械,行业,:ACTED_IN
300003,医疗器械,行业,:ACTED_IN
300015,医疗器械,行业,:ACTED_IN
300030,医疗器械,行业,:ACTED_IN
300061,医疗器械,行业,:ACTED_IN
300171,医疗器械,行业,:ACTED_IN
300206,医疗器械,行业,:ACTED_IN
300216,医疗器械,行业,:ACTED_IN
300238,医疗器械,行业,:ACTED_IN
300244,医疗器械,行业,:ACTED_IN
300246,医疗器械,行业,:ACTED_IN
300247,医疗器械,行业,:ACTED_IN
300273,医疗器械,行业,:ACTED_IN
300298,医疗器械,行业,:ACTED_IN
300314,医疗器械,行业,:ACTED_IN
300318,医疗器械,行业,:ACTED_IN
300326,医疗器械,行业,:ACTED_IN
300347,医疗器械,行业,:ACTED_IN
300396,医疗器械,行业,:ACTED_IN
300404,医疗器械,行业,:ACTED_IN
300412,医疗器械,行业,:ACTED_IN
600111,有色金属,行业,:ACTED_IN
600139,有色金属,行业,:ACTED_IN
600205,有色金属,行业,:ACTED_IN
600219,有色金属,行业,:ACTED_IN
600255,有色金属,行业,:ACTED_IN
600259,有色金属,行业,:ACTED_IN
600296,有色金属,行业,:ACTED_IN
600311,有色金属,行业,:ACTED_IN
600331,有色金属,行业,:ACTED_IN
600338,有色金属,行业,:ACTED_IN
600362,有色金属,行业,:ACTED_IN
600390,有色金属,行业,:ACTED_IN
600432,有色金属,行业,:ACTED_IN
600456,有色金属,行业,:ACTED_IN
600459,有色金属,行业,:ACTED_IN
600489,有色金属,行业,:ACTED_IN
600497,有色金属,行业,:ACTED_IN
600531,有色金属,行业,:ACTED_IN
600547,有色金属,行业,:ACTED_IN
600549,有色金属,行业,:ACTED_IN
600595,有色金属,行业,:ACTED_IN
600673,有色金属,行业,:ACTED_IN
600711,有色金属,行业,:ACTED_IN
600714,有色金属,行业,:ACTED_IN
600768,有色金属,行业,:ACTED_IN
600888,有色金属,行业,:ACTED_IN
600961,有色金属,行业,:ACTED_IN
601137,有色金属,行业,:ACTED_IN
601168,有色金属,行业,:ACTED_IN
601600,有色金属,行业,:ACTED_IN
601677,有色金属,行业,:ACTED_IN
601899,有色金属,行业,:ACTED_IN
601958,有色金属,行业,:ACTED_IN
000060,有色金属,行业,:ACTED_IN
000426,有色金属,行业,:ACTED_IN
000587,有色金属,行业,:ACTED_IN
000602,有色金属,行业,:ACTED_IN
000603,有色金属,行业,:ACTED_IN
000612,有色金属,行业,:ACTED_IN
000630,有色金属,行业,:ACTED_IN
000657,有色金属,行业,:ACTED_IN
000697,有色金属,行业,:ACTED_IN
000751,有色金属,行业,:ACTED_IN
000758,有色金属,行业,:ACTED_IN
000762,有色金属,行业,:ACTED_IN
000807,有色金属,行业,:ACTED_IN
000831,有色金属,行业,:ACTED_IN
000878,有色金属,行业,:ACTED_IN
000960,有色金属,行业,:ACTED_IN
000962,有色金属,行业,:ACTED_IN
002082,有色金属,行业,:ACTED_IN
002114,有色金属,行业,:ACTED_IN
002149,有色金属,行业,:ACTED_IN
002155,有色金属,行业,:ACTED_IN
002160,有色金属,行业,:ACTED_IN
002167,有色金属,行业,:ACTED_IN
002171,有色金属,行业,:ACTED_IN
002182,有色金属,行业,:ACTED_IN
002203,有色金属,行业,:ACTED_IN
002237,有色金属,行业,:ACTED_IN
002295,有色金属,行业,:ACTED_IN
002333,有色金属,行业,:ACTED_IN
002340,有色金属,行业,:ACTED_IN
002378,有色金属,行业,:ACTED_IN
002379,有色金属,行业,:ACTED_IN
002428,有色金属,行业,:ACTED_IN
002460,有色金属,行业,:ACTED_IN
002501,有色金属,行业,:ACTED_IN
002540,有色金属,行业,:ACTED_IN
002578,有色金属,行业,:ACTED_IN
002617,有色金属,行业,:ACTED_IN
300034,有色金属,行业,:ACTED_IN
600167,供水供气,行业,:ACTED_IN
600168,供水供气,行业,:ACTED_IN
600187,供水供气,行业,:ACTED_IN
600283,供水供气,行业,:ACTED_IN
600323,供水供气,行业,:ACTED_IN
600333,供水供气,行业,:ACTED_IN
600461,供水供气,行业,:ACTED_IN
600617,供水供气,行业,:ACTED_IN
600635,供水供气,行业,:ACTED_IN
600649,供水供气,行业,:ACTED_IN
600719,供水供气,行业,:ACTED_IN
600758,供水供气,行业,:ACTED_IN
600917,供水供气,行业,:ACTED_IN
600982,供水供气,行业,:ACTED_IN
601139,供水供气,行业,:ACTED_IN
601158,供水供气,行业,:ACTED_IN
601199,供水供气,行业,:ACTED_IN
000593,供水供气,行业,:ACTED_IN
000605,供水供气,行业,:ACTED_IN
000669,供水供气,行业,:ACTED_IN
000685,供水供气,行业,:ACTED_IN
000692,供水供气,行业,:ACTED_IN
000695,供水供气,行业,:ACTED_IN
002267,供水供气,行业,:ACTED_IN
002700,供水供气,行业,:ACTED_IN
600089,发电设备,行业,:ACTED_IN
600192,发电设备,行业,:ACTED_IN
600268,发电设备,行业,:ACTED_IN
600290,发电设备,行业,:ACTED_IN
600312,发电设备,行业,:ACTED_IN
600416,发电设备,行业,:ACTED_IN
600517,发电设备,行业,:ACTED_IN
600525,发电设备,行业,:ACTED_IN
600550,发电设备,行业,:ACTED_IN
600580,发电设备,行业,:ACTED_IN
600590,发电设备,行业,:ACTED_IN
600875,发电设备,行业,:ACTED_IN
600973,发电设备,行业,:ACTED_IN
601126,发电设备,行业,:ACTED_IN
601179,发电设备,行业,:ACTED_IN
601558,发电设备,行业,:ACTED_IN
601700,发电设备,行业,:ACTED_IN
601727,发电设备,行业,:ACTED_IN
601877,发电设备,行业,:ACTED_IN
603333,发电设备,行业,:ACTED_IN
603618,发电设备,行业,:ACTED_IN
000400,发电设备,行业,:ACTED_IN
000585,发电设备,行业,:ACTED_IN
000682,发电设备,行业,:ACTED_IN
000806,发电设备,行业,:ACTED_IN
000967,发电设备,行业,:ACTED_IN
002028,发电设备,行业,:ACTED_IN
002074,发电设备,行业,:ACTED_IN
002112,发电设备,行业,:ACTED_IN
002123,发电设备,行业,:ACTED_IN
002130,发电设备,行业,:ACTED_IN
002168,发电设备,行业,:ACTED_IN
002169,发电设备,行业,:ACTED_IN
002202,发电设备,行业,:ACTED_IN
002212,发电设备,行业,:ACTED_IN
002227,发电设备,行业,:ACTED_IN
002276,发电设备,行业,:ACTED_IN
002300,发电设备,行业,:ACTED_IN
002323,发电设备,行业,:ACTED_IN
002350,发电设备,行业,:ACTED_IN
002358,发电设备,行业,:ACTED_IN
002451,发电设备,行业,:ACTED_IN
002471,发电设备,行业,:ACTED_IN
002498,发电设备,行业,:ACTED_IN
002531,发电设备,行业,:ACTED_IN
002533,发电设备,行业,:ACTED_IN
002560,发电设备,行业,:ACTED_IN
002622,发电设备,行业,:ACTED_IN
002660,发电设备,行业,:ACTED_IN
300001,发电设备,行业,:ACTED_IN
300004,发电设备,行业,:ACTED_IN
300018,发电设备,行业,:ACTED_IN
300040,发电设备,行业,:ACTED_IN
300048,发电设备,行业,:ACTED_IN
300062,发电设备,行业,:ACTED_IN
300069,发电设备,行业,:ACTED_IN
300120,发电设备,行业,:ACTED_IN
300125,发电设备,行业,:ACTED_IN
300129,发电设备,行业,:ACTED_IN
300141,发电设备,行业,:ACTED_IN
300153,发电设备,行业,:ACTED_IN
300208,发电设备,行业,:ACTED_IN
300341,发电设备,行业,:ACTED_IN
300372,发电设备,行业,:ACTED_IN
300444,发电设备,行业,:ACTED_IN
600069,造纸行业,行业,:ACTED_IN
600103,造纸行业,行业,:ACTED_IN
600163,造纸行业,行业,:ACTED_IN
600235,造纸行业,行业,:ACTED_IN
600308,造纸行业,行业,:ACTED_IN
600356,造纸行业,行业,:ACTED_IN
600433,造纸行业,行业,:ACTED_IN
600462,造纸行业,行业,:ACTED_IN
600567,造纸行业,行业,:ACTED_IN
600793,造纸行业,行业,:ACTED_IN
600963,造纸行业,行业,:ACTED_IN
600966,造纸行业,行业,:ACTED_IN
000488,造纸行业,行业,:ACTED_IN
000815,造纸行业,行业,:ACTED_IN
000820,造纸行业,行业,:ACTED_IN
000833,造纸行业,行业,:ACTED_IN
002012,造纸行业,行业,:ACTED_IN
002067,造纸行业,行业,:ACTED_IN
002078,造纸行业,行业,:ACTED_IN
002235,造纸行业,行业,:ACTED_IN
002303,造纸行业,行业,:ACTED_IN
002511,造纸行业,行业,:ACTED_IN
002521,造纸行业,行业,:ACTED_IN
002565,造纸行业,行业,:ACTED_IN
600072,船舶制造,行业,:ACTED_IN
600150,船舶制造,行业,:ACTED_IN
600685,船舶制造,行业,:ACTED_IN
601890,船舶制造,行业,:ACTED_IN
601989,船舶制造,行业,:ACTED_IN
002608,船舶制造,行业,:ACTED_IN
300008,船舶制造,行业,:ACTED_IN
300123,船舶制造,行业,:ACTED_IN
600121,煤炭行业,行业,:ACTED_IN
600123,煤炭行业,行业,:ACTED_IN
600157,煤炭行业,行业,:ACTED_IN
600179,煤炭行业,行业,:ACTED_IN
600188,煤炭行业,行业,:ACTED_IN
600348,煤炭行业,行业,:ACTED_IN
600381,煤炭行业,行业,:ACTED_IN
600395,煤炭行业,行业,:ACTED_IN
600397,煤炭行业,行业,:ACTED_IN
600403,煤炭行业,行业,:ACTED_IN
600408,煤炭行业,行业,:ACTED_IN
600508,煤炭行业,行业,:ACTED_IN
600546,煤炭行业,行业,:ACTED_IN
600652,煤炭行业,行业,:ACTED_IN
600714,煤炭行业,行业,:ACTED_IN
600721,煤炭行业,行业,:ACTED_IN
600725,煤炭行业,行业,:ACTED_IN
600740,煤炭行业,行业,:ACTED_IN
600792,煤炭行业,行业,:ACTED_IN
600971,煤炭行业,行业,:ACTED_IN
600997,煤炭行业,行业,:ACTED_IN
601001,煤炭行业,行业,:ACTED_IN
601011,煤炭行业,行业,:ACTED_IN
601015,煤炭行业,行业,:ACTED_IN
601088,煤炭行业,行业,:ACTED_IN
601101,煤炭行业,行业,:ACTED_IN
601225,煤炭行业,行业,:ACTED_IN
601666,煤炭行业,行业,:ACTED_IN
601699,煤炭行业,行业,:ACTED_IN
601898,煤炭行业,行业,:ACTED_IN
601918,煤炭行业,行业,:ACTED_IN
000034,煤炭行业,行业,:ACTED_IN
000552,煤炭行业,行业,:ACTED_IN
000571,煤炭行业,行业,:ACTED_IN
000723,煤炭行业,行业,:ACTED_IN
000780,煤炭行业,行业,:ACTED_IN
000933,煤炭行业,行业,:ACTED_IN
000937,煤炭行业,行业,:ACTED_IN
000968,煤炭行业,行业,:ACTED_IN
000983,煤炭行业,行业,:ACTED_IN
002128,煤炭行业,行业,:ACTED_IN
600073,食品行业,行业,:ACTED_IN
600186,食品行业,行业,:ACTED_IN
600191,食品行业,行业,:ACTED_IN
600260,食品行业,行业,:ACTED_IN
600298,食品行业,行业,:ACTED_IN
600300,食品行业,行业,:ACTED_IN
600305,食品行业,行业,:ACTED_IN
600419,食品行业,行业,:ACTED_IN
600429,食品行业,行业,:ACTED_IN
600597,食品行业,行业,:ACTED_IN
600695,食品行业,行业,:ACTED_IN
600737,食品行业,行业,:ACTED_IN
600866,食品行业,行业,:ACTED_IN
600872,食品行业,行业,:ACTED_IN
600873,食品行业,行业,:ACTED_IN
600887,食品行业,行业,:ACTED_IN
600962,食品行业,行业,:ACTED_IN
603020,食品行业,行业,:ACTED_IN
603288,食品行业,行业,:ACTED_IN
000019,食品行业,行业,:ACTED_IN
000529,食品行业,行业,:ACTED_IN
000639,食品行业,行业,:ACTED_IN
000716,食品行业,行业,:ACTED_IN
000796,食品行业,行业,:ACTED_IN
000848,食品行业,行业,:ACTED_IN
000893,食品行业,行业,:ACTED_IN
000895,食品行业,行业,:ACTED_IN
000911,食品行业,行业,:ACTED_IN
000930,食品行业,行业,:ACTED_IN
000972,食品行业,行业,:ACTED_IN
002216,食品行业,行业,:ACTED_IN
002220,食品行业,行业,:ACTED_IN
002286,食品行业,行业,:ACTED_IN
002329,食品行业,行业,:ACTED_IN
002330,食品行业,行业,:ACTED_IN
002387,食品行业,行业,:ACTED_IN
002481,食品行业,行业,:ACTED_IN
002495,食品行业,行业,:ACTED_IN
002507,食品行业,行业,:ACTED_IN
002515,食品行业,行业,:ACTED_IN
002557,食品行业,行业,:ACTED_IN
002568,食品行业,行业,:ACTED_IN
002570,食品行业,行业,:ACTED_IN
002582,食品行业,行业,:ACTED_IN
002604,食品行业,行业,:ACTED_IN
002626,食品行业,行业,:ACTED_IN
002650,食品行业,行业,:ACTED_IN
002661,食品行业,行业,:ACTED_IN
002695,食品行业,行业,:ACTED_IN
002702,食品行业,行业,:ACTED_IN
002719,食品行业,行业,:ACTED_IN
002726,食品行业,行业,:ACTED_IN
002732,食品行业,行业,:ACTED_IN
300138,食品行业,行业,:ACTED_IN
300146,食品行业,行业,:ACTED_IN
300149,食品行业,行业,:ACTED_IN
300175,食品行业,行业,:ACTED_IN
300401,食品行业,行业,:ACTED_IN
600145,陶瓷行业,行业,:ACTED_IN
600286,陶瓷行业,行业,:ACTED_IN
603268,陶瓷行业,行业,:ACTED_IN
002102,陶瓷行业,行业,:ACTED_IN
002162,陶瓷行业,行业,:ACTED_IN
300089,陶瓷行业,行业,:ACTED_IN
300234,陶瓷行业,行业,:ACTED_IN
300409,陶瓷行业,行业,:ACTED_IN
600302,纺织机械,行业,:ACTED_IN
600610,纺织机械,行业,:ACTED_IN
600843,纺织机械,行业,:ACTED_IN
000666,纺织机械,行业,:ACTED_IN
002021,纺织机械,行业,:ACTED_IN
002196,纺织机械,行业,:ACTED_IN
002722,纺织机械,行业,:ACTED_IN
300384,纺织机械,行业,:ACTED_IN
600001,钢铁行业,行业,:ACTED_IN
600005,钢铁行业,行业,:ACTED_IN
600010,钢铁行业,行业,:ACTED_IN
600019,钢铁行业,行业,:ACTED_IN
600022,钢铁行业,行业,:ACTED_IN
600102,钢铁行业,行业,:ACTED_IN
600117,钢铁行业,行业,:ACTED_IN
600126,钢铁行业,行业,:ACTED_IN
600165,钢铁行业,行业,:ACTED_IN
600193,钢铁行业,行业,:ACTED_IN
600231,钢铁行业,行业,:ACTED_IN
600282,钢铁行业,行业,:ACTED_IN
600307,钢铁行业,行业,:ACTED_IN
600357,钢铁行业,行业,:ACTED_IN
600399,钢铁行业,行业,:ACTED_IN
600477,钢铁行业,行业,:ACTED_IN
600496,钢铁行业,行业,:ACTED_IN
600507,钢铁行业,行业,:ACTED_IN
600532,钢铁行业,行业,:ACTED_IN
600558,钢铁行业,行业,:ACTED_IN
600569,钢铁行业,行业,:ACTED_IN
600581,钢铁行业,行业,:ACTED_IN
600782,钢铁行业,行业,:ACTED_IN
600784,钢铁行业,行业,:ACTED_IN
600808,钢铁行业,行业,:ACTED_IN
600882,钢铁行业,行业,:ACTED_IN
600992,钢铁行业,行业,:ACTED_IN
601003,钢铁行业,行业,:ACTED_IN
601005,钢铁行业,行业,:ACTED_IN
601028,钢铁行业,行业,:ACTED_IN
601969,钢铁行业,行业,:ACTED_IN
000409,钢铁行业,行业,:ACTED_IN
000629,钢铁行业,行业,:ACTED_IN
000655,钢铁行业,行业,:ACTED_IN
000708,钢铁行业,行业,:ACTED_IN
000709,钢铁行业,行业,:ACTED_IN
000717,钢铁行业,行业,:ACTED_IN
000761,钢铁行业,行业,:ACTED_IN
000778,钢铁行业,行业,:ACTED_IN
000825,钢铁行业,行业,:ACTED_IN
000890,钢铁行业,行业,:ACTED_IN
000898,钢铁行业,行业,:ACTED_IN
000932,钢铁行业,行业,:ACTED_IN
000959,钢铁行业,行业,:ACTED_IN
000969,钢铁行业,行业,:ACTED_IN
002075,钢铁行业,行业,:ACTED_IN
002110,钢铁行业,行业,:ACTED_IN
002132,钢铁行业,行业,:ACTED_IN
002318,钢铁行业,行业,:ACTED_IN
002359,钢铁行业,行业,:ACTED_IN
002423,钢铁行业,行业,:ACTED_IN
002443,钢铁行业,行业,:ACTED_IN
002478,钢铁行业,行业,:ACTED_IN
002487,钢铁行业,行业,:ACTED_IN
002524,钢铁行业,行业,:ACTED_IN
002541,钢铁行业,行业,:ACTED_IN
002545,钢铁行业,行业,:ACTED_IN
002615,钢铁行业,行业,:ACTED_IN
002743,钢铁行业,行业,:ACTED_IN
300345,钢铁行业,行业,:ACTED_IN
600008,环保行业,行业,:ACTED_IN
600292,环保行业,行业,:ACTED_IN
600874,环保行业,行业,:ACTED_IN
603126,环保行业,行业,:ACTED_IN
603588,环保行业,行业,:ACTED_IN
603686,环保行业,行业,:ACTED_IN
000544,环保行业,行业,:ACTED_IN
000598,环保行业,行业,:ACTED_IN
000826,环保行业,行业,:ACTED_IN
002200,环保行业,行业,:ACTED_IN
002549,环保行业,行业,:ACTED_IN
002573,环保行业,行业,:ACTED_IN
002616,环保行业,行业,:ACTED_IN
002672,环保行业,行业,:ACTED_IN
300055,环保行业,行业,:ACTED_IN
300070,环保行业,行业,:ACTED_IN
300156,环保行业,行业,:ACTED_IN
300172,环保行业,行业,:ACTED_IN
300187,环保行业,行业,:ACTED_IN
300190,环保行业,行业,:ACTED_IN
300197,环保行业,行业,:ACTED_IN
300262,环保行业,行业,:ACTED_IN
300332,环保行业,行业,:ACTED_IN
300335,环保行业,行业,:ACTED_IN
300355,环保行业,行业,:ACTED_IN
300388,环保行业,行业,:ACTED_IN
300422,环保行业,行业,:ACTED_IN
600059,酿酒行业,行业,:ACTED_IN
600084,酿酒行业,行业,:ACTED_IN
600090,酿酒行业,行业,:ACTED_IN
600132,酿酒行业,行业,:ACTED_IN
600197,酿酒行业,行业,:ACTED_IN
600199,酿酒行业,行业,:ACTED_IN
600238,酿酒行业,行业,:ACTED_IN
600365,酿酒行业,行业,:ACTED_IN
600519,酿酒行业,行业,:ACTED_IN
600543,酿酒行业,行业,:ACTED_IN
600559,酿酒行业,行业,:ACTED_IN
600573,酿酒行业,行业,:ACTED_IN
600600,酿酒行业,行业,:ACTED_IN
600616,酿酒行业,行业,:ACTED_IN
600702,酿酒行业,行业,:ACTED_IN
600779,酿酒行业,行业,:ACTED_IN
600809,酿酒行业,行业,:ACTED_IN
601579,酿酒行业,行业,:ACTED_IN
603369,酿酒行业,行业,:ACTED_IN
000557,酿酒行业,行业,:ACTED_IN
000568,酿酒行业,行业,:ACTED_IN
000596,酿酒行业,行业,:ACTED_IN
000729,酿酒行业,行业,:ACTED_IN
000752,酿酒行业,行业,:ACTED_IN
000799,酿酒行业,行业,:ACTED_IN
000858,酿酒行业,行业,:ACTED_IN
000860,酿酒行业,行业,:ACTED_IN
000869,酿酒行业,行业,:ACTED_IN
000929,酿酒行业,行业,:ACTED_IN
000995,酿酒行业,行业,:ACTED_IN
002304,酿酒行业,行业,:ACTED_IN
002461,酿酒行业,行业,:ACTED_IN
002646,酿酒行业,行业,:ACTED_IN
600025,次新股,行业,:ACTED_IN
600933,次新股,行业,:ACTED_IN
601019,次新股,行业,:ACTED_IN
603076,次新股,行业,:ACTED_IN
603080,次新股,行业,:ACTED_IN
603083,次新股,行业,:ACTED_IN
603161,次新股,行业,:ACTED_IN
603278,次新股,行业,:ACTED_IN
603283,次新股,行业,:ACTED_IN
603329,次新股,行业,:ACTED_IN
603365,次新股,行业,:ACTED_IN
603477,次新股,行业,:ACTED_IN
603605,次新股,行业,:ACTED_IN
603619,次新股,行业,:ACTED_IN
603655,次新股,行业,:ACTED_IN
603661,次新股,行业,:ACTED_IN
603685,次新股,行业,:ACTED_IN
603711,次新股,行业,:ACTED_IN
603809,次新股,行业,:ACTED_IN
603848,次新股,行业,:ACTED_IN
603890,次新股,行业,:ACTED_IN
603916,次新股,行业,:ACTED_IN
603917,次新股,行业,:ACTED_IN
603970,次新股,行业,:ACTED_IN
001965,次新股,行业,:ACTED_IN
002864,次新股,行业,:ACTED_IN
002911,次新股,行业,:ACTED_IN
002912,次新股,行业,:ACTED_IN
002913,次新股,行业,:ACTED_IN
002915,次新股,行业,:ACTED_IN
002916,次新股,行业,:ACTED_IN
002917,次新股,行业,:ACTED_IN
002918,次新股,行业,:ACTED_IN
002919,次新股,行业,:ACTED_IN
002920,次新股,行业,:ACTED_IN
002921,次新股,行业,:ACTED_IN
002922,次新股,行业,:ACTED_IN
002923,次新股,行业,:ACTED_IN
300664,次新股,行业,:ACTED_IN
300684,次新股,行业,:ACTED_IN
300721,次新股,行业,:ACTED_IN
300722,次新股,行业,:ACTED_IN
300723,次新股,行业,:ACTED_IN
300725,次新股,行业,:ACTED_IN
300726,次新股,行业,:ACTED_IN
300727,次新股,行业,:ACTED_IN
300729,次新股,行业,:ACTED_IN
300730,次新股,行业,:ACTED_IN
300731,次新股,行业,:ACTED_IN
300732,次新股,行业,:ACTED_IN
300735,次新股,行业,:ACTED_IN
300736,次新股,行业,:ACTED_IN
600112,电器行业,行业,:ACTED_IN
600202,电器行业,行业,:ACTED_IN
600379,电器行业,行业,:ACTED_IN
600405,电器行业,行业,:ACTED_IN
600468,电器行业,行业,:ACTED_IN
600482,电器行业,行业,:ACTED_IN
600560,电器行业,行业,:ACTED_IN
600577,电器行业,行业,:ACTED_IN
600847,电器行业,行业,:ACTED_IN
600885,电器行业,行业,:ACTED_IN
601311,电器行业,行业,:ACTED_IN
601616,电器行业,行业,:ACTED_IN
603015,电器行业,行业,:ACTED_IN
603606,电器行业,行业,:ACTED_IN
603703,电器行业,行业,:ACTED_IN
603988,电器行业,行业,:ACTED_IN
000049,电器行业,行业,:ACTED_IN
000922,电器行业,行业,:ACTED_IN
002164,电器行业,行业,:ACTED_IN
002176,电器行业,行业,:ACTED_IN
002249,电器行业,行业,:ACTED_IN
002266,电器行业,行业,:ACTED_IN
002298,电器行业,行业,:ACTED_IN
002309,电器行业,行业,:ACTED_IN
002322,电器行业,行业,:ACTED_IN
002334,电器行业,行业,:ACTED_IN
002335,电器行业,行业,:ACTED_IN
002339,电器行业,行业,:ACTED_IN
002364,电器行业,行业,:ACTED_IN
002380,电器行业,行业,:ACTED_IN
002452,电器行业,行业,:ACTED_IN
002546,电器行业,行业,:ACTED_IN
002576,电器行业,行业,:ACTED_IN
002580,电器行业,行业,:ACTED_IN
002606,电器行业,行业,:ACTED_IN
002617,电器行业,行业,:ACTED_IN
002647,电器行业,行业,:ACTED_IN
002664,电器行业,行业,:ACTED_IN
002665,电器行业,行业,:ACTED_IN
002670,电器行业,行业,:ACTED_IN
002684,电器行业,行业,:ACTED_IN
002706,电器行业,行业,:ACTED_IN
002730,电器行业,行业,:ACTED_IN
002733,电器行业,行业,:ACTED_IN
300068,电器行业,行业,:ACTED_IN
300140,电器行业,行业,:ACTED_IN
300217,电器行业,行业,:ACTED_IN
300222,电器行业,行业,:ACTED_IN
300252,电器行业,行业,:ACTED_IN
300265,电器行业,行业,:ACTED_IN
300274,电器行业,行业,:ACTED_IN
300283,电器行业,行业,:ACTED_IN
300356,电器行业,行业,:ACTED_IN
300376,电器行业,行业,:ACTED_IN
300403,电器行业,行业,:ACTED_IN
300407,电器行业,行业,:ACTED_IN
300438,电器行业,行业,:ACTED_IN
300447,电器行业,行业,:ACTED_IN
600037,传媒娱乐,行业,:ACTED_IN
600088,传媒娱乐,行业,:ACTED_IN
600234,传媒娱乐,行业,:ACTED_IN
600373,传媒娱乐,行业,:ACTED_IN
600551,传媒娱乐,行业,:ACTED_IN
600633,传媒娱乐,行业,:ACTED_IN
600637,传媒娱乐,行业,:ACTED_IN
600757,传媒娱乐,行业,:ACTED_IN
600825,传媒娱乐,行业,:ACTED_IN
600831,传媒娱乐,行业,:ACTED_IN
600959,传媒娱乐,行业,:ACTED_IN
601098,传媒娱乐,行业,:ACTED_IN
601801,传媒娱乐,行业,:ACTED_IN
601928,传媒娱乐,行业,:ACTED_IN
601929,传媒娱乐,行业,:ACTED_IN
601999,传媒娱乐,行业,:ACTED_IN
000156,传媒娱乐,行业,:ACTED_IN
000504,传媒娱乐,行业,:ACTED_IN
000607,传媒娱乐,行业,:ACTED_IN
000665,传媒娱乐,行业,:ACTED_IN
000719,传媒娱乐,行业,:ACTED_IN
000793,传媒娱乐,行业,:ACTED_IN
000835,传媒娱乐,行业,:ACTED_IN
000917,传媒娱乐,行业,:ACTED_IN
002071,传媒娱乐,行业,:ACTED_IN
002143,传媒娱乐,行业,:ACTED_IN
002181,传媒娱乐,行业,:ACTED_IN
002238,传媒娱乐,行业,:ACTED_IN
002292,传媒娱乐,行业,:ACTED_IN
002624,传媒娱乐,行业,:ACTED_IN
002712,传媒娱乐,行业,:ACTED_IN
002739,传媒娱乐,行业,:ACTED_IN
300027,传媒娱乐,行业,:ACTED_IN
300133,传媒娱乐,行业,:ACTED_IN
300148,传媒娱乐,行业,:ACTED_IN
300251,传媒娱乐,行业,:ACTED_IN
300291,传媒娱乐,行业,:ACTED_IN
300336,传媒娱乐,行业,:ACTED_IN
300364,传媒娱乐,行业,:ACTED_IN
300426,传媒娱乐,行业,:ACTED_IN
600075,化工行业,行业,:ACTED_IN
600078,化工行业,行业,:ACTED_IN
600091,化工行业,行业,:ACTED_IN
600135,化工行业,行业,:ACTED_IN
600141,化工行业,行业,:ACTED_IN
600155,化工行业,行业,:ACTED_IN
600160,化工行业,行业,:ACTED_IN
600228,化工行业,行业,:ACTED_IN
600229,化工行业,行业,:ACTED_IN
600249,化工行业,行业,:ACTED_IN
600273,化工行业,行业,:ACTED_IN
600277,化工行业,行业,:ACTED_IN
600281,化工行业,行业,:ACTED_IN
600299,化工行业,行业,:ACTED_IN
600301,化工行业,行业,:ACTED_IN
600309,化工行业,行业,:ACTED_IN
600315,化工行业,行业,:ACTED_IN
600319,化工行业,行业,:ACTED_IN
600328,化工行业,行业,:ACTED_IN
600339,化工行业,行业,:ACTED_IN
600352,化工行业,行业,:ACTED_IN
600367,化工行业,行业,:ACTED_IN
600378,化工行业,行业,:ACTED_IN
600409,化工行业,行业,:ACTED_IN
600481,化工行业,行业,:ACTED_IN
600490,化工行业,行业,:ACTED_IN
600599,化工行业,行业,:ACTED_IN
600618,化工行业,行业,:ACTED_IN
600636,化工行业,行业,:ACTED_IN
600722,化工行业,行业,:ACTED_IN
600746,化工行业,行业,:ACTED_IN
600844,化工行业,行业,:ACTED_IN
600985,化工行业,行业,:ACTED_IN
601118,化工行业,行业,:ACTED_IN
601208,化工行业,行业,:ACTED_IN
601216,化工行业,行业,:ACTED_IN
601678,化工行业,行业,:ACTED_IN
603002,化工行业,行业,:ACTED_IN
603010,化工行业,行业,:ACTED_IN
603077,化工行业,行业,:ACTED_IN
603188,化工行业,行业,:ACTED_IN
000510,化工行业,行业,:ACTED_IN
000523,化工行业,行业,:ACTED_IN
000545,化工行业,行业,:ACTED_IN
000565,化工行业,行业,:ACTED_IN
000627,化工行业,行业,:ACTED_IN
000635,化工行业,行业,:ACTED_IN
000662,化工行业,行业,:ACTED_IN
000683,化工行业,行业,:ACTED_IN
000698,化工行业,行业,:ACTED_IN
000707,化工行业,行业,:ACTED_IN
000737,化工行业,行业,:ACTED_IN
000755,化工行业,行业,:ACTED_IN
000818,化工行业,行业,:ACTED_IN
000822,化工行业,行业,:ACTED_IN
000887,化工行业,行业,:ACTED_IN
000985,化工行业,行业,:ACTED_IN
000990,化工行业,行业,:ACTED_IN
002010,化工行业,行业,:ACTED_IN
002014,化工行业,行业,:ACTED_IN
002037,化工行业,行业,:ACTED_IN
002053,化工行业,行业,:ACTED_IN
002054,化工行业,行业,:ACTED_IN
002061,化工行业,行业,:ACTED_IN
002068,化工行业,行业,:ACTED_IN
002092,化工行业,行业,:ACTED_IN
002094,化工行业,行业,:ACTED_IN
002096,化工行业,行业,:ACTED_IN
002109,化工行业,行业,:ACTED_IN
002125,化工行业,行业,:ACTED_IN
002136,化工行业,行业,:ACTED_IN
002145,化工行业,行业,:ACTED_IN
002165,化工行业,行业,:ACTED_IN
002192,化工行业,行业,:ACTED_IN
002201,化工行业,行业,:ACTED_IN
002211,化工行业,行业,:ACTED_IN
002217,化工行业,行业,:ACTED_IN
002224,化工行业,行业,:ACTED_IN
002226,化工行业,行业,:ACTED_IN
002246,化工行业,行业,:ACTED_IN
002250,化工行业,行业,:ACTED_IN
002256,化工行业,行业,:ACTED_IN
002319,化工行业,行业,:ACTED_IN
002326,化工行业,行业,:ACTED_IN
002341,化工行业,行业,:ACTED_IN
002360,化工行业,行业,:ACTED_IN
002361,化工行业,行业,:ACTED_IN
002377,化工行业,行业,:ACTED_IN
002381,化工行业,行业,:ACTED_IN
002386,化工行业,行业,:ACTED_IN
002395,化工行业,行业,:ACTED_IN
002407,化工行业,行业,:ACTED_IN
002408,化工行业,行业,:ACTED_IN
002409,化工行业,行业,:ACTED_IN
002411,化工行业,行业,:ACTED_IN
002440,化工行业,行业,:ACTED_IN
002442,化工行业,行业,:ACTED_IN
002450,化工行业,行业,:ACTED_IN
002453,化工行业,行业,:ACTED_IN
002455,化工行业,行业,:ACTED_IN
002466,化工行业,行业,:ACTED_IN
002476,化工行业,行业,:ACTED_IN
002497,化工行业,行业,:ACTED_IN
002562,化工行业,行业,:ACTED_IN
002581,化工行业,行业,:ACTED_IN
002584,化工行业,行业,:ACTED_IN
002597,化工行业,行业,:ACTED_IN
002601,化工行业,行业,:ACTED_IN
002632,化工行业,行业,:ACTED_IN
002637,化工行业,行业,:ACTED_IN
002643,化工行业,行业,:ACTED_IN
002648,化工行业,行业,:ACTED_IN
002666,化工行业,行业,:ACTED_IN
002669,化工行业,行业,:ACTED_IN
002683,化工行业,行业,:ACTED_IN
002709,化工行业,行业,:ACTED_IN
002741,化工行业,行业,:ACTED_IN
002748,化工行业,行业,:ACTED_IN
300019,化工行业,行业,:ACTED_IN
300031,化工行业,行业,:ACTED_IN
300037,化工行业,行业,:ACTED_IN
300041,化工行业,行业,:ACTED_IN
300054,化工行业,行业,:ACTED_IN
300063,化工行业,行业,:ACTED_IN
300067,化工行业,行业,:ACTED_IN
300072,化工行业,行业,:ACTED_IN
300082,化工行业,行业,:ACTED_IN
300107,化工行业,行业,:ACTED_IN
300108,化工行业,行业,:ACTED_IN
300109,化工行业,行业,:ACTED_IN
300121,化工行业,行业,:ACTED_IN
300132,化工行业,行业,:ACTED_IN
300135,化工行业,行业,:ACTED_IN
300174,化工行业,行业,:ACTED_IN
300192,化工行业,行业,:ACTED_IN
300200,化工行业,行业,:ACTED_IN
300214,化工行业,行业,:ACTED_IN
300225,化工行业,行业,:ACTED_IN
300236,化工行业,行业,:ACTED_IN
300237,化工行业,行业,:ACTED_IN
300243,化工行业,行业,:ACTED_IN
300285,化工行业,行业,:ACTED_IN
300320,化工行业,行业,:ACTED_IN
300343,化工行业,行业,:ACTED_IN
300387,化工行业,行业,:ACTED_IN
300398,化工行业,行业,:ACTED_IN
300405,化工行业,行业,:ACTED_IN
300429,化工行业,行业,:ACTED_IN
300437,化工行业,行业,:ACTED_IN
300446,化工行业,行业,:ACTED_IN
600048,房地产,行业,:ACTED_IN
600052,房地产,行业,:ACTED_IN
600053,房地产,行业,:ACTED_IN
600067,房地产,行业,:ACTED_IN
600077,房地产,行业,:ACTED_IN
600082,房地产,行业,:ACTED_IN
600094,房地产,行业,:ACTED_IN
600095,房地产,行业,:ACTED_IN
600113,房地产,行业,:ACTED_IN
600133,房地产,行业,:ACTED_IN
600159,房地产,行业,:ACTED_IN
600162,房地产,行业,:ACTED_IN
600173,房地产,行业,:ACTED_IN
600175,房地产,行业,:ACTED_IN
600185,房地产,行业,:ACTED_IN
600208,房地产,行业,:ACTED_IN
600223,房地产,行业,:ACTED_IN
600225,房地产,行业,:ACTED_IN
600239,房地产,行业,:ACTED_IN
600240,房地产,行业,:ACTED_IN
600246,房地产,行业,:ACTED_IN
600266,房地产,行业,:ACTED_IN
600322,房地产,行业,:ACTED_IN
600325,房地产,行业,:ACTED_IN
600340,房地产,行业,:ACTED_IN
600376,房地产,行业,:ACTED_IN
600383,房地产,行业,:ACTED_IN
600393,房地产,行业,:ACTED_IN
600463,房地产,行业,:ACTED_IN
600503,房地产,行业,:ACTED_IN
600510,房地产,行业,:ACTED_IN
600533,房地产,行业,:ACTED_IN
600565,房地产,行业,:ACTED_IN
600568,房地产,行业,:ACTED_IN
600606,房地产,行业,:ACTED_IN
600615,房地产,行业,:ACTED_IN
600621,房地产,行业,:ACTED_IN
600638,房地产,行业,:ACTED_IN
600641,房地产,行业,:ACTED_IN
600657,房地产,行业,:ACTED_IN
600663,房地产,行业,:ACTED_IN
600665,房地产,行业,:ACTED_IN
600675,房地产,行业,:ACTED_IN
600683,房地产,行业,:ACTED_IN
600684,房地产,行业,:ACTED_IN
600696,房地产,行业,:ACTED_IN
600716,房地产,行业,:ACTED_IN
600724,房地产,行业,:ACTED_IN
600732,房地产,行业,:ACTED_IN
600733,房地产,行业,:ACTED_IN
600743,房地产,行业,:ACTED_IN
600745,房地产,行业,:ACTED_IN
600748,房地产,行业,:ACTED_IN
600767,房地产,行业,:ACTED_IN
600773,房地产,行业,:ACTED_IN
600791,房地产,行业,:ACTED_IN
600807,房地产,行业,:ACTED_IN
600823,房地产,行业,:ACTED_IN
600862,房地产,行业,:ACTED_IN
600890,房地产,行业,:ACTED_IN
601588,房地产,行业,:ACTED_IN
000002,房地产,行业,:ACTED_IN
000005,房地产,行业,:ACTED_IN
000006,房地产,行业,:ACTED_IN
000009,房地产,行业,:ACTED_IN
000011,房地产,行业,:ACTED_IN
000014,房地产,行业,:ACTED_IN
000024,房地产,行业,:ACTED_IN
000029,房地产,行业,:ACTED_IN
000031,房地产,行业,:ACTED_IN
000036,房地产,行业,:ACTED_IN
000038,房地产,行业,:ACTED_IN
000040,房地产,行业,:ACTED_IN
000042,房地产,行业,:ACTED_IN
000043,房地产,行业,:ACTED_IN
000046,房地产,行业,:ACTED_IN
000056,房地产,行业,:ACTED_IN
000402,房地产,行业,:ACTED_IN
000502,房地产,行业,:ACTED_IN
000505,房地产,行业,:ACTED_IN
000506,房地产,行业,:ACTED_IN
000514,房地产,行业,:ACTED_IN
000517,房地产,行业,:ACTED_IN
000526,房地产,行业,:ACTED_IN
000534,房地产,行业,:ACTED_IN
000537,房地产,行业,:ACTED_IN
000540,房地产,行业,:ACTED_IN
000558,房地产,行业,:ACTED_IN
000567,房地产,行业,:ACTED_IN
000573,房地产,行业,:ACTED_IN
000608,房地产,行业,:ACTED_IN
000609,房地产,行业,:ACTED_IN
000616,房地产,行业,:ACTED_IN
000620,房地产,行业,:ACTED_IN
000631,房地产,行业,:ACTED_IN
000656,房地产,行业,:ACTED_IN
000667,房地产,行业,:ACTED_IN
000668,房地产,行业,:ACTED_IN
000671,房地产,行业,:ACTED_IN
000691,房地产,行业,:ACTED_IN
000718,房地产,行业,:ACTED_IN
000732,房地产,行业,:ACTED_IN
000736,房地产,行业,:ACTED_IN
000797,房地产,行业,:ACTED_IN
000809,房地产,行业,:ACTED_IN
000838,房地产,行业,:ACTED_IN
000861,房地产,行业,:ACTED_IN
000863,房地产,行业,:ACTED_IN
000897,房地产,行业,:ACTED_IN
000918,房地产,行业,:ACTED_IN
000926,房地产,行业,:ACTED_IN
000931,房地产,行业,:ACTED_IN
000965,房地产,行业,:ACTED_IN
000979,房地产,行业,:ACTED_IN
000981,房地产,行业,:ACTED_IN
002016,房地产,行业,:ACTED_IN
002077,房地产,行业,:ACTED_IN
002133,房地产,行业,:ACTED_IN
002146,房地产,行业,:ACTED_IN
002208,房地产,行业,:ACTED_IN
002244,房地产,行业,:ACTED_IN
002285,房地产,行业,:ACTED_IN
002305,房地产,行业,:ACTED_IN
600000,金融行业,行业,:ACTED_IN
600015,金融行业,行业,:ACTED_IN
600016,金融行业,行业,:ACTED_IN
600030,金融行业,行业,:ACTED_IN
600036,金融行业,行业,:ACTED_IN
600109,金融行业,行业,:ACTED_IN
600291,金融行业,行业,:ACTED_IN
600369,金融行业,行业,:ACTED_IN
600643,金融行业,行业,:ACTED_IN
600705,金融行业,行业,:ACTED_IN
600816,金融行业,行业,:ACTED_IN
600830,金融行业,行业,:ACTED_IN
600837,金融行业,行业,:ACTED_IN
600958,金融行业,行业,:ACTED_IN
600999,金融行业,行业,:ACTED_IN
601009,金融行业,行业,:ACTED_IN
601099,金融行业,行业,:ACTED_IN
601166,金融行业,行业,:ACTED_IN
601169,金融行业,行业,:ACTED_IN
601198,金融行业,行业,:ACTED_IN
601288,金融行业,行业,:ACTED_IN
601318,金融行业,行业,:ACTED_IN
601328,金融行业,行业,:ACTED_IN
601336,金融行业,行业,:ACTED_IN
601377,金融行业,行业,:ACTED_IN
601398,金融行业,行业,:ACTED_IN
601555,金融行业,行业,:ACTED_IN
601601,金融行业,行业,:ACTED_IN
601628,金融行业,行业,:ACTED_IN
601688,金融行业,行业,:ACTED_IN
601788,金融行业,行业,:ACTED_IN
601818,金融行业,行业,:ACTED_IN
601901,金融行业,行业,:ACTED_IN
601939,金融行业,行业,:ACTED_IN
601988,金融行业,行业,:ACTED_IN
601998,金融行业,行业,:ACTED_IN
000001,金融行业,行业,:ACTED_IN
000166,金融行业,行业,:ACTED_IN
000415,金融行业,行业,:ACTED_IN
000562,金融行业,行业,:ACTED_IN
000563,金融行业,行业,:ACTED_IN
000686,金融行业,行业,:ACTED_IN
000712,金融行业,行业,:ACTED_IN
000728,金融行业,行业,:ACTED_IN
000750,金融行业,行业,:ACTED_IN
000776,金融行业,行业,:ACTED_IN
000783,金融行业,行业,:ACTED_IN
002142,金融行业,行业,:ACTED_IN
002500,金融行业,行业,:ACTED_IN
002673,金融行业,行业,:ACTED_IN
002736,金融行业,行业,:ACTED_IN
600065,其它行业,行业,:ACTED_IN
600092,其它行业,行业,:ACTED_IN
600172,其它行业,行业,:ACTED_IN
600516,其它行业,行业,:ACTED_IN
600607,其它行业,行业,:ACTED_IN
600625,其它行业,行业,:ACTED_IN
600670,其它行业,行业,:ACTED_IN
600700,其它行业,行业,:ACTED_IN
600709,其它行业,行业,:ACTED_IN
600752,其它行业,行业,:ACTED_IN
600783,其它行业,行业,:ACTED_IN
600788,其它行业,行业,:ACTED_IN
600813,其它行业,行业,:ACTED_IN
600849,其它行业,行业,:ACTED_IN
600852,其它行业,行业,:ACTED_IN
600899,其它行业,行业,:ACTED_IN
603022,其它行业,行业,:ACTED_IN
603023,其它行业,行业,:ACTED_IN
603026,其它行业,行业,:ACTED_IN
603108,其它行业,行业,:ACTED_IN
603116,其它行业,行业,:ACTED_IN
603198,其它行业,行业,:ACTED_IN
603227,其它行业,行业,:ACTED_IN
603300,其它行业,行业,:ACTED_IN
603311,其它行业,行业,:ACTED_IN
603566,其它行业,行业,:ACTED_IN
603568,其它行业,行业,:ACTED_IN
603598,其它行业,行业,:ACTED_IN
603669,其它行业,行业,:ACTED_IN
603688,其它行业,行业,:ACTED_IN
603718,其它行业,行业,:ACTED_IN
603885,其它行业,行业,:ACTED_IN
603901,其它行业,行业,:ACTED_IN
603918,其它行业,行业,:ACTED_IN
603968,其它行业,行业,:ACTED_IN
603989,其它行业,行业,:ACTED_IN
900901,其它行业,行业,:ACTED_IN
900902,其它行业,行业,:ACTED_IN
900903,其它行业,行业,:ACTED_IN
900904,其它行业,行业,:ACTED_IN
900905,其它行业,行业,:ACTED_IN
900906,其它行业,行业,:ACTED_IN
900907,其它行业,行业,:ACTED_IN
900908,其它行业,行业,:ACTED_IN
900909,其它行业,行业,:ACTED_IN
900910,其它行业,行业,:ACTED_IN
900911,其它行业,行业,:ACTED_IN
900912,其它行业,行业,:ACTED_IN
900913,其它行业,行业,:ACTED_IN
900914,其它行业,行业,:ACTED_IN
900915,其它行业,行业,:ACTED_IN
900916,其它行业,行业,:ACTED_IN
900917,其它行业,行业,:ACTED_IN
900918,其它行业,行业,:ACTED_IN
900919,其它行业,行业,:ACTED_IN
900920,其它行业,行业,:ACTED_IN
900921,其它行业,行业,:ACTED_IN
900922,其它行业,行业,:ACTED_IN
900923,其它行业,行业,:ACTED_IN
900924,其它行业,行业,:ACTED_IN
900925,其它行业,行业,:ACTED_IN
900926,其它行业,行业,:ACTED_IN
900927,其它行业,行业,:ACTED_IN
900928,其它行业,行业,:ACTED_IN
900929,其它行业,行业,:ACTED_IN
900930,其它行业,行业,:ACTED_IN
900932,其它行业,行业,:ACTED_IN
900933,其它行业,行业,:ACTED_IN
900934,其它行业,行业,:ACTED_IN
900935,其它行业,行业,:ACTED_IN
900936,其它行业,行业,:ACTED_IN
900937,其它行业,行业,:ACTED_IN
900938,其它行业,行业,:ACTED_IN
900939,其它行业,行业,:ACTED_IN
900940,其它行业,行业,:ACTED_IN
900941,其它行业,行业,:ACTED_IN
900942,其它行业,行业,:ACTED_IN
900943,其它行业,行业,:ACTED_IN
900945,其它行业,行业,:ACTED_IN
900946,其它行业,行业,:ACTED_IN
900947,其它行业,行业,:ACTED_IN
900948,其它行业,行业,:ACTED_IN
900951,其它行业,行业,:ACTED_IN
900952,其它行业,行业,:ACTED_IN
900953,其它行业,行业,:ACTED_IN
900955,其它行业,行业,:ACTED_IN
900956,其它行业,行业,:ACTED_IN
900957,其它行业,行业,:ACTED_IN
000003,其它行业,行业,:ACTED_IN
000013,其它行业,行业,:ACTED_IN
000015,其它行业,行业,:ACTED_IN
000047,其它行业,行业,:ACTED_IN
000405,其它行业,行业,:ACTED_IN
000511,其它行业,行业,:ACTED_IN
000556,其它行业,行业,:ACTED_IN
000583,其它行业,行业,:ACTED_IN
000658,其它行业,行业,:ACTED_IN
000660,其它行业,行业,:ACTED_IN
000675,其它行业,行业,:ACTED_IN
000689,其它行业,行业,:ACTED_IN
000765,其它行业,行业,:ACTED_IN
000795,其它行业,行业,:ACTED_IN
000832,其它行业,行业,:ACTED_IN
002088,其它行业,行业,:ACTED_IN
002297,其它行业,行业,:ACTED_IN
002352,其它行业,行业,:ACTED_IN
002710,其它行业,行业,:ACTED_IN
002753,其它行业,行业,:ACTED_IN
002755,其它行业,行业,:ACTED_IN
002756,其它行业,行业,:ACTED_IN
002757,其它行业,行业,:ACTED_IN
002758,其它行业,行业,:ACTED_IN
002759,其它行业,行业,:ACTED_IN
200011,其它行业,行业,:ACTED_IN
200012,其它行业,行业,:ACTED_IN
200016,其它行业,行业,:ACTED_IN
200017,其它行业,行业,:ACTED_IN
200018,其它行业,行业,:ACTED_IN
200019,其它行业,行业,:ACTED_IN
200020,其它行业,行业,:ACTED_IN
200022,其它行业,行业,:ACTED_IN
200025,其它行业,行业,:ACTED_IN
200026,其它行业,行业,:ACTED_IN
200028,其它行业,行业,:ACTED_IN
200029,其它行业,行业,:ACTED_IN
200030,其它行业,行业,:ACTED_IN
200037,其它行业,行业,:ACTED_IN
200045,其它行业,行业,:ACTED_IN
200053,其它行业,行业,:ACTED_IN
200054,其它行业,行业,:ACTED_IN
200055,其它行业,行业,:ACTED_IN
200056,其它行业,行业,:ACTED_IN
200058,其它行业,行业,:ACTED_IN
200152,其它行业,行业,:ACTED_IN
200160,其它行业,行业,:ACTED_IN
200168,其它行业,行业,:ACTED_IN
200413,其它行业,行业,:ACTED_IN
200418,其它行业,行业,:ACTED_IN
200429,其它行业,行业,:ACTED_IN
200468,其它行业,行业,:ACTED_IN
200488,其它行业,行业,:ACTED_IN
200505,其它行业,行业,:ACTED_IN
200512,其它行业,行业,:ACTED_IN
200521,其它行业,行业,:ACTED_IN
200530,其它行业,行业,:ACTED_IN
200539,其它行业,行业,:ACTED_IN
200541,其它行业,行业,:ACTED_IN
200550,其它行业,行业,:ACTED_IN
200553,其它行业,行业,:ACTED_IN
200570,其它行业,行业,:ACTED_IN
200581,其它行业,行业,:ACTED_IN
200596,其它行业,行业,:ACTED_IN
200613,其它行业,行业,:ACTED_IN
200625,其它行业,行业,:ACTED_IN
200706,其它行业,行业,:ACTED_IN
200725,其它行业,行业,:ACTED_IN
200726,其它行业,行业,:ACTED_IN
200761,其它行业,行业,:ACTED_IN
200771,其它行业,行业,:ACTED_IN
200869,其它行业,行业,:ACTED_IN
200986,其它行业,行业,:ACTED_IN
200992,其它行业,行业,:ACTED_IN
300064,其它行业,行业,:ACTED_IN
300073,其它行业,行业,:ACTED_IN
300179,其它行业,行业,:ACTED_IN
300361,其它行业,行业,:ACTED_IN
300450,其它行业,行业,:ACTED_IN
300451,其它行业,行业,:ACTED_IN
300452,其它行业,行业,:ACTED_IN
300453,其它行业,行业,:ACTED_IN
300455,其它行业,行业,:ACTED_IN
300456,其它行业,行业,:ACTED_IN
300457,其它行业,行业,:ACTED_IN
300458,其它行业,行业,:ACTED_IN
300459,其它行业,行业,:ACTED_IN
300460,其它行业,行业,:ACTED_IN
300461,其它行业,行业,:ACTED_IN
300462,其它行业,行业,:ACTED_IN
300463,其它行业,行业,:ACTED_IN
300465,其它行业,行业,:ACTED_IN
300466,其它行业,行业,:ACTED_IN
300467,其它行业,行业,:ACTED_IN
300468,其它行业,行业,:ACTED_IN
600007,开发区,行业,:ACTED_IN
600064,开发区,行业,:ACTED_IN
600215,开发区,行业,:ACTED_IN
600604,开发区,行业,:ACTED_IN
600639,开发区,行业,:ACTED_IN
600648,开发区,行业,:ACTED_IN
600658,开发区,行业,:ACTED_IN
600736,开发区,行业,:ACTED_IN
600895,开发区,行业,:ACTED_IN
000628,开发区,行业,:ACTED_IN
600050,电子信息,行业,:ACTED_IN
600074,电子信息,行业,:ACTED_IN
600076,电子信息,行业,:ACTED_IN
600100,电子信息,行业,:ACTED_IN
600105,电子信息,行业,:ACTED_IN
600130,电子信息,行业,:ACTED_IN
600198,电子信息,行业,:ACTED_IN
600271,电子信息,行业,:ACTED_IN
600288,电子信息,行业,:ACTED_IN
600289,电子信息,行业,:ACTED_IN
600330,电子信息,行业,:ACTED_IN
600345,电子信息,行业,:ACTED_IN
600406,电子信息,行业,:ACTED_IN
600410,电子信息,行业,:ACTED_IN
600446,电子信息,行业,:ACTED_IN
600455,电子信息,行业,:ACTED_IN
600476,电子信息,行业,:ACTED_IN
600485,电子信息,行业,:ACTED_IN
600487,电子信息,行业,:ACTED_IN
600498,电子信息,行业,:ACTED_IN
600522,电子信息,行业,:ACTED_IN
600536,电子信息,行业,:ACTED_IN
600556,电子信息,行业,:ACTED_IN
600562,电子信息,行业,:ACTED_IN
600570,电子信息,行业,:ACTED_IN
600571,电子信息,行业,:ACTED_IN
600588,电子信息,行业,:ACTED_IN
600601,电子信息,行业,:ACTED_IN
600608,电子信息,行业,:ACTED_IN
600654,电子信息,行业,:ACTED_IN
600677,电子信息,行业,:ACTED_IN
600680,电子信息,行业,:ACTED_IN
600718,电子信息,行业,:ACTED_IN
600728,电子信息,行业,:ACTED_IN
600734,电子信息,行业,:ACTED_IN
600756,电子信息,行业,:ACTED_IN
600764,电子信息,行业,:ACTED_IN
600775,电子信息,行业,:ACTED_IN
600776,电子信息,行业,:ACTED_IN
600797,电子信息,行业,:ACTED_IN
600804,电子信息,行业,:ACTED_IN
600845,电子信息,行业,:ACTED_IN
600850,电子信息,行业,:ACTED_IN
600990,电子信息,行业,:ACTED_IN
601519,电子信息,行业,:ACTED_IN
603000,电子信息,行业,:ACTED_IN
603019,电子信息,行业,:ACTED_IN
603025,电子信息,行业,:ACTED_IN
603636,电子信息,行业,:ACTED_IN
000021,电子信息,行业,:ACTED_IN
000032,电子信息,行业,:ACTED_IN
000035,电子信息,行业,:ACTED_IN
000063,电子信息,行业,:ACTED_IN
000066,电子信息,行业,:ACTED_IN
000070,电子信息,行业,:ACTED_IN
000503,电子信息,行业,:ACTED_IN
000532,电子信息,行业,:ACTED_IN
000547,电子信息,行业,:ACTED_IN
000555,电子信息,行业,:ACTED_IN
000561,电子信息,行业,:ACTED_IN
000586,电子信息,行业,:ACTED_IN
000681,电子信息,行业,:ACTED_IN
000711,电子信息,行业,:ACTED_IN
000748,电子信息,行业,:ACTED_IN
000787,电子信息,行业,:ACTED_IN
000801,电子信息,行业,:ACTED_IN
000805,电子信息,行业,:ACTED_IN
000836,电子信息,行业,:ACTED_IN
000851,电子信息,行业,:ACTED_IN
000892,电子信息,行业,:ACTED_IN
000938,电子信息,行业,:ACTED_IN
000948,电子信息,行业,:ACTED_IN
000970,电子信息,行业,:ACTED_IN
000977,电子信息,行业,:ACTED_IN
000997,电子信息,行业,:ACTED_IN
002017,电子信息,行业,:ACTED_IN
002027,电子信息,行业,:ACTED_IN
002052,电子信息,行业,:ACTED_IN
002063,电子信息,行业,:ACTED_IN
002065,电子信息,行业,:ACTED_IN
002073,电子信息,行业,:ACTED_IN
002089,电子信息,行业,:ACTED_IN
002090,电子信息,行业,:ACTED_IN
002093,电子信息,行业,:ACTED_IN
002095,电子信息,行业,:ACTED_IN
002115,电子信息,行业,:ACTED_IN
002148,电子信息,行业,:ACTED_IN
002151,电子信息,行业,:ACTED_IN
002152,电子信息,行业,:ACTED_IN
002153,电子信息,行业,:ACTED_IN
002161,电子信息,行业,:ACTED_IN
002174,电子信息,行业,:ACTED_IN
002177,电子信息,行业,:ACTED_IN
002180,电子信息,行业,:ACTED_IN
002184,电子信息,行业,:ACTED_IN
002194,电子信息,行业,:ACTED_IN
002195,电子信息,行业,:ACTED_IN
002230,电子信息,行业,:ACTED_IN
002231,电子信息,行业,:ACTED_IN
002232,电子信息,行业,:ACTED_IN
002253,电子信息,行业,:ACTED_IN
002261,电子信息,行业,:ACTED_IN
002268,电子信息,行业,:ACTED_IN
002279,电子信息,行业,:ACTED_IN
002280,电子信息,行业,:ACTED_IN
002281,电子信息,行业,:ACTED_IN
002296,电子信息,行业,:ACTED_IN
002308,电子信息,行业,:ACTED_IN
002312,电子信息,行业,:ACTED_IN
002313,电子信息,行业,:ACTED_IN
002315,电子信息,行业,:ACTED_IN
002316,电子信息,行业,:ACTED_IN
002331,电子信息,行业,:ACTED_IN
002351,电子信息,行业,:ACTED_IN
002354,电子信息,行业,:ACTED_IN
002362,电子信息,行业,:ACTED_IN
002368,电子信息,行业,:ACTED_IN
002369,电子信息,行业,:ACTED_IN
002373,电子信息,行业,:ACTED_IN
002376,电子信息,行业,:ACTED_IN
002383,电子信息,行业,:ACTED_IN
002384,电子信息,行业,:ACTED_IN
002396,电子信息,行业,:ACTED_IN
002401,电子信息,行业,:ACTED_IN
002405,电子信息,行业,:ACTED_IN
002410,电子信息,行业,:ACTED_IN
002417,电子信息,行业,:ACTED_IN
002421,电子信息,行业,:ACTED_IN
002439,电子信息,行业,:ACTED_IN
002446,电子信息,行业,:ACTED_IN
002465,电子信息,行业,:ACTED_IN
002467,电子信息,行业,:ACTED_IN
002474,电子信息,行业,:ACTED_IN
002491,电子信息,行业,:ACTED_IN
002519,电子信息,行业,:ACTED_IN
002528,电子信息,行业,:ACTED_IN
002544,电子信息,行业,:ACTED_IN
002547,电子信息,行业,:ACTED_IN
002577,电子信息,行业,:ACTED_IN
002583,电子信息,行业,:ACTED_IN
002609,电子信息,行业,:ACTED_IN
002635,电子信息,行业,:ACTED_IN
002642,电子信息,行业,:ACTED_IN
002649,电子信息,行业,:ACTED_IN
002657,电子信息,行业,:ACTED_IN
300002,电子信息,行业,:ACTED_IN
300010,电子信息,行业,:ACTED_IN
300017,电子信息,行业,:ACTED_IN
300020,电子信息,行业,:ACTED_IN
300025,电子信息,行业,:ACTED_IN
300028,电子信息,行业,:ACTED_IN
300033,电子信息,行业,:ACTED_IN
300036,电子信息,行业,:ACTED_IN
300038,电子信息,行业,:ACTED_IN
300042,电子信息,行业,:ACTED_IN
300044,电子信息,行业,:ACTED_IN
300045,电子信息,行业,:ACTED_IN
300047,电子信息,行业,:ACTED_IN
300050,电子信息,行业,:ACTED_IN
300051,电子信息,行业,:ACTED_IN
300052,电子信息,行业,:ACTED_IN
300059,电子信息,行业,:ACTED_IN
300065,电子信息,行业,:ACTED_IN
300074,电子信息,行业,:ACTED_IN
300075,电子信息,行业,:ACTED_IN
300076,电子信息,行业,:ACTED_IN
300079,电子信息,行业,:ACTED_IN
300081,电子信息,行业,:ACTED_IN
300085,电子信息,行业,:ACTED_IN
300096,电子信息,行业,:ACTED_IN
300098,电子信息,行业,:ACTED_IN
300101,电子信息,行业,:ACTED_IN
300104,电子信息,行业,:ACTED_IN
300113,电子信息,行业,:ACTED_IN
300130,电子信息,行业,:ACTED_IN
300134,电子信息,行业,:ACTED_IN
300136,电子信息,行业,:ACTED_IN
300150,电子信息,行业,:ACTED_IN
300166,电子信息,行业,:ACTED_IN
300167,电子信息,行业,:ACTED_IN
300168,电子信息,行业,:ACTED_IN
300170,电子信息,行业,:ACTED_IN
300177,电子信息,行业,:ACTED_IN
300182,电子信息,行业,:ACTED_IN
300183,电子信息,行业,:ACTED_IN
300188,电子信息,行业,:ACTED_IN
300209,电子信息,行业,:ACTED_IN
300211,电子信息,行业,:ACTED_IN
300212,电子信息,行业,:ACTED_IN
300213,电子信息,行业,:ACTED_IN
300226,电子信息,行业,:ACTED_IN
300229,电子信息,行业,:ACTED_IN
300231,电子信息,行业,:ACTED_IN
300235,电子信息,行业,:ACTED_IN
300245,电子信息,行业,:ACTED_IN
300248,电子信息,行业,:ACTED_IN
300250,电子信息,行业,:ACTED_IN
300253,电子信息,行业,:ACTED_IN
300264,电子信息,行业,:ACTED_IN
300270,电子信息,行业,:ACTED_IN
300271,电子信息,行业,:ACTED_IN
300275,电子信息,行业,:ACTED_IN
300277,电子信息,行业,:ACTED_IN
300282,电子信息,行业,:ACTED_IN
300287,电子信息,行业,:ACTED_IN
300288,电子信息,行业,:ACTED_IN
300290,电子信息,行业,:ACTED_IN
300292,电子信息,行业,:ACTED_IN
300295,电子信息,行业,:ACTED_IN
300297,电子信息,行业,:ACTED_IN
300299,电子信息,行业,:ACTED_IN
300300,电子信息,行业,:ACTED_IN
300302,电子信息,行业,:ACTED_IN
300310,电子信息,行业,:ACTED_IN
300311,电子信息,行业,:ACTED_IN
300312,电子信息,行业,:ACTED_IN
300315,电子信息,行业,:ACTED_IN
300322,电子信息,行业,:ACTED_IN
300324,电子信息,行业,:ACTED_IN
300330,电子信息,行业,:ACTED_IN
300333,电子信息,行业,:ACTED_IN
300339,电子信息,行业,:ACTED_IN
300348,电子信息,行业,:ACTED_IN
300352,电子信息,行业,:ACTED_IN
300353,电子信息,行业,:ACTED_IN
300359,电子信息,行业,:ACTED_IN
300365,电子信息,行业,:ACTED_IN
300366,电子信息,行业,:ACTED_IN
300367,电子信息,行业,:ACTED_IN
300369,电子信息,行业,:ACTED_IN
300377,电子信息,行业,:ACTED_IN
300378,电子信息,行业,:ACTED_IN
300379,电子信息,行业,:ACTED_IN
300380,电子信息,行业,:ACTED_IN
300383,电子信息,行业,:ACTED_IN
300386,电子信息,行业,:ACTED_IN
300390,电子信息,行业,:ACTED_IN
300392,电子信息,行业,:ACTED_IN
300394,电子信息,行业,:ACTED_IN
300397,电子信息,行业,:ACTED_IN
300399,电子信息,行业,:ACTED_IN
300418,电子信息,行业,:ACTED_IN
300419,电子信息,行业,:ACTED_IN
300431,电子信息,行业,:ACTED_IN
300440,电子信息,行业,:ACTED_IN
300448,电子信息,行业,:ACTED_IN
300449,电子信息,行业,:ACTED_IN
600086,服装鞋类,行业,:ACTED_IN
600107,服装鞋类,行业,:ACTED_IN
600137,服装鞋类,行业,:ACTED_IN
600177,服装鞋类,行业,:ACTED_IN
600233,服装鞋类,行业,:ACTED_IN
600272,服装鞋类,行业,:ACTED_IN
600295,服装鞋类,行业,:ACTED_IN
600398,服装鞋类,行业,:ACTED_IN
600400,服装鞋类,行业,:ACTED_IN
600439,服装鞋类,行业,:ACTED_IN
600612,服装鞋类,行业,:ACTED_IN
600884,服装鞋类,行业,:ACTED_IN
601566,服装鞋类,行业,:ACTED_IN
601718,服装鞋类,行业,:ACTED_IN
603001,服装鞋类,行业,:ACTED_IN
603518,服装鞋类,行业,:ACTED_IN
603555,服装鞋类,行业,:ACTED_IN
603808,服装鞋类,行业,:ACTED_IN
002003,服装鞋类,行业,:ACTED_IN
002029,服装鞋类,行业,:ACTED_IN
002036,服装鞋类,行业,:ACTED_IN
002044,服装鞋类,行业,:ACTED_IN
002098,服装鞋类,行业,:ACTED_IN
002154,服装鞋类,行业,:ACTED_IN
002239,服装鞋类,行业,:ACTED_IN
002269,服装鞋类,行业,:ACTED_IN
002291,服装鞋类,行业,:ACTED_IN
002293,服装鞋类,行业,:ACTED_IN
002327,服装鞋类,行业,:ACTED_IN
002345,服装鞋类,行业,:ACTED_IN
002397,服装鞋类,行业,:ACTED_IN
002425,服装鞋类,行业,:ACTED_IN
002485,服装鞋类,行业,:ACTED_IN
002486,服装鞋类,行业,:ACTED_IN
002494,服装鞋类,行业,:ACTED_IN
002503,服装鞋类,行业,:ACTED_IN
002517,服装鞋类,行业,:ACTED_IN
002563,服装鞋类,行业,:ACTED_IN
002569,服装鞋类,行业,:ACTED_IN
002574,服装鞋类,行业,:ACTED_IN
002612,服装鞋类,行业,:ACTED_IN
002634,服装鞋类,行业,:ACTED_IN
002640,服装鞋类,行业,:ACTED_IN
002656,服装鞋类,行业,:ACTED_IN
002674,服装鞋类,行业,:ACTED_IN
002687,服装鞋类,行业,:ACTED_IN
002731,服装鞋类,行业,:ACTED_IN
002740,服装鞋类,行业,:ACTED_IN
300005,服装鞋类,行业,:ACTED_IN
600083,电子器件,行业,:ACTED_IN
600151,电子器件,行业,:ACTED_IN
600171,电子器件,行业,:ACTED_IN
600183,电子器件,行业,:ACTED_IN
600203,电子器件,行业,:ACTED_IN
600206,电子器件,行业,:ACTED_IN
600207,电子器件,行业,:ACTED_IN
600237,电子器件,行业,:ACTED_IN
600353,电子器件,行业,:ACTED_IN
600355,电子器件,行业,:ACTED_IN
600360,电子器件,行业,:ACTED_IN
600363,电子器件,行业,:ACTED_IN
600401,电子器件,行业,:ACTED_IN
600460,电子器件,行业,:ACTED_IN
600478,电子器件,行业,:ACTED_IN
600537,电子器件,行业,:ACTED_IN
600563,电子器件,行业,:ACTED_IN
600584,电子器件,行业,:ACTED_IN
600602,电子器件,行业,:ACTED_IN
600667,电子器件,行业,:ACTED_IN
600703,电子器件,行业,:ACTED_IN
600707,电子器件,行业,:ACTED_IN
600747,电子器件,行业,:ACTED_IN
600817,电子器件,行业,:ACTED_IN
600980,电子器件,行业,:ACTED_IN
601012,电子器件,行业,:ACTED_IN
601231,电子器件,行业,:ACTED_IN
601908,电子器件,行业,:ACTED_IN
603005,电子器件,行业,:ACTED_IN
603118,电子器件,行业,:ACTED_IN
603328,电子器件,行业,:ACTED_IN
603678,电子器件,行业,:ACTED_IN
000020,电子器件,行业,:ACTED_IN
000050,电子器件,行业,:ACTED_IN
000058,电子器件,行业,:ACTED_IN
000068,电子器件,行业,:ACTED_IN
000413,电子器件,行业,:ACTED_IN
000536,电子器件,行业,:ACTED_IN
000636,电子器件,行业,:ACTED_IN
000670,电子器件,行业,:ACTED_IN
000725,电子器件,行业,:ACTED_IN
000727,电子器件,行业,:ACTED_IN
000733,电子器件,行业,:ACTED_IN
000810,电子器件,行业,:ACTED_IN
000823,电子器件,行业,:ACTED_IN
002025,电子器件,行业,:ACTED_IN
002045,电子器件,行业,:ACTED_IN
002049,电子器件,行业,:ACTED_IN
002055,电子器件,行业,:ACTED_IN
002056,电子器件,行业,:ACTED_IN
002057,电子器件,行业,:ACTED_IN
002079,电子器件,行业,:ACTED_IN
002104,电子器件,行业,:ACTED_IN
002106,电子器件,行业,:ACTED_IN
002119,电子器件,行业,:ACTED_IN
002129,电子器件,行业,:ACTED_IN
002134,电子器件,行业,:ACTED_IN
002137,电子器件,行业,:ACTED_IN
002138,电子器件,行业,:ACTED_IN
002139,电子器件,行业,:ACTED_IN
002141,电子器件,行业,:ACTED_IN
002156,电子器件,行业,:ACTED_IN
002179,电子器件,行业,:ACTED_IN
002185,电子器件,行业,:ACTED_IN
002188,电子器件,行业,:ACTED_IN
002189,电子器件,行业,:ACTED_IN
002199,电子器件,行业,:ACTED_IN
002217,电子器件,行业,:ACTED_IN
002218,电子器件,行业,:ACTED_IN
002222,电子器件,行业,:ACTED_IN
002241,电子器件,行业,:ACTED_IN
002273,电子器件,行业,:ACTED_IN
002288,电子器件,行业,:ACTED_IN
002289,电子器件,行业,:ACTED_IN
002371,电子器件,行业,:ACTED_IN
002388,电子器件,行业,:ACTED_IN
002389,电子器件,行业,:ACTED_IN
002402,电子器件,行业,:ACTED_IN
002426,电子器件,行业,:ACTED_IN
002436,电子器件,行业,:ACTED_IN
002449,电子器件,行业,:ACTED_IN
002456,电子器件,行业,:ACTED_IN
002463,电子器件,行业,:ACTED_IN
002475,电子器件,行业,:ACTED_IN
002484,电子器件,行业,:ACTED_IN
002504,电子器件,行业,:ACTED_IN
002506,电子器件,行业,:ACTED_IN
002512,电子器件,行业,:ACTED_IN
002579,电子器件,行业,:ACTED_IN
002587,电子器件,行业,:ACTED_IN
002600,电子器件,行业,:ACTED_IN
002618,电子器件,行业,:ACTED_IN
002636,电子器件,行业,:ACTED_IN
002638,电子器件,行业,:ACTED_IN
002654,电子器件,行业,:ACTED_IN
002655,电子器件,行业,:ACTED_IN
002724,电子器件,行业,:ACTED_IN
002729,电子器件,行业,:ACTED_IN
002745,电子器件,行业,:ACTED_IN
300014,电子器件,行业,:ACTED_IN
300029,电子器件,行业,:ACTED_IN
300032,电子器件,行业,:ACTED_IN
300046,电子器件,行业,:ACTED_IN
300053,电子器件,行业,:ACTED_IN
300077,电子器件,行业,:ACTED_IN
300078,电子器件,行业,:ACTED_IN
300083,电子器件,行业,:ACTED_IN
300088,电子器件,行业,:ACTED_IN
300102,电子器件,行业,:ACTED_IN
300111,电子器件,行业,:ACTED_IN
300114,电子器件,行业,:ACTED_IN
300115,电子器件,行业,:ACTED_IN
300118,电子器件,行业,:ACTED_IN
300127,电子器件,行业,:ACTED_IN
300128,电子器件,行业,:ACTED_IN
300131,电子器件,行业,:ACTED_IN
300139,电子器件,行业,:ACTED_IN
300154,电子器件,行业,:ACTED_IN
300155,电子器件,行业,:ACTED_IN
300162,电子器件,行业,:ACTED_IN
300184,电子器件,行业,:ACTED_IN
300205,电子器件,行业,:ACTED_IN
300207,电子器件,行业,:ACTED_IN
300215,电子器件,行业,:ACTED_IN
300219,电子器件,行业,:ACTED_IN
300220,电子器件,行业,:ACTED_IN
300223,电子器件,行业,:ACTED_IN
300224,电子器件,行业,:ACTED_IN
300227,电子器件,行业,:ACTED_IN
300232,电子器件,行业,:ACTED_IN
300241,电子器件,行业,:ACTED_IN
300242,电子器件,行业,:ACTED_IN
300256,电子器件,行业,:ACTED_IN
300269,电子器件,行业,:ACTED_IN
300279,电子器件,行业,:ACTED_IN
300296,电子器件,行业,:ACTED_IN
300301,电子器件,行业,:ACTED_IN
300303,电子器件,行业,:ACTED_IN
300317,电子器件,行业,:ACTED_IN
300319,电子器件,行业,:ACTED_IN
300323,电子器件,行业,:ACTED_IN
300327,电子器件,行业,:ACTED_IN
300331,电子器件,行业,:ACTED_IN
300340,电子器件,行业,:ACTED_IN
300342,电子器件,行业,:ACTED_IN
300346,电子器件,行业,:ACTED_IN
300351,电子器件,行业,:ACTED_IN
300373,电子器件,行业,:ACTED_IN
300389,电子器件,行业,:ACTED_IN
300408,电子器件,行业,:ACTED_IN
300414,电子器件,行业,:ACTED_IN
300433,电子器件,行业,:ACTED_IN
600011,电力行业,行业,:ACTED_IN
600021,电力行业,行业,:ACTED_IN
600023,电力行业,行业,:ACTED_IN
600027,电力行业,行业,:ACTED_IN
600098,电力行业,行业,:ACTED_IN
600101,电力行业,行业,:ACTED_IN
600110,电力行业,行业,:ACTED_IN
600116,电力行业,行业,:ACTED_IN
600131,电力行业,行业,:ACTED_IN
600236,电力行业,行业,:ACTED_IN
600310,电力行业,行业,:ACTED_IN
600396,电力行业,行业,:ACTED_IN
600452,电力行业,行业,:ACTED_IN
600483,电力行业,行业,:ACTED_IN
600505,电力行业,行业,:ACTED_IN
600509,电力行业,行业,:ACTED_IN
600578,电力行业,行业,:ACTED_IN
600642,电力行业,行业,:ACTED_IN
600644,电力行业,行业,:ACTED_IN
600674,电力行业,行业,:ACTED_IN
600726,电力行业,行业,:ACTED_IN
600744,电力行业,行业,:ACTED_IN
600769,电力行业,行业,:ACTED_IN
600780,电力行业,行业,:ACTED_IN
600795,电力行业,行业,:ACTED_IN
600863,电力行业,行业,:ACTED_IN
600864,电力行业,行业,:ACTED_IN
600868,电力行业,行业,:ACTED_IN
600869,电力行业,行业,:ACTED_IN
600886,电力行业,行业,:ACTED_IN
600900,电力行业,行业,:ACTED_IN
600969,电力行业,行业,:ACTED_IN
600979,电力行业,行业,:ACTED_IN
600995,电力行业,行业,:ACTED_IN
601016,电力行业,行业,:ACTED_IN
601991,电力行业,行业,:ACTED_IN
000027,电力行业,行业,:ACTED_IN
000037,电力行业,行业,:ACTED_IN
000531,电力行业,行业,:ACTED_IN
000539,电力行业,行业,:ACTED_IN
000543,电力行业,行业,:ACTED_IN
000600,电力行业,行业,:ACTED_IN
000601,电力行业,行业,:ACTED_IN
000602,电力行业,行业,:ACTED_IN
000690,电力行业,行业,:ACTED_IN
000720,电力行业,行业,:ACTED_IN
000722,电力行业,行业,:ACTED_IN
000767,电力行业,行业,:ACTED_IN
000791,电力行业,行业,:ACTED_IN
000862,电力行业,行业,:ACTED_IN
000875,电力行业,行业,:ACTED_IN
000883,电力行业,行业,:ACTED_IN
000899,电力行业,行业,:ACTED_IN
000939,电力行业,行业,:ACTED_IN
000958,电力行业,行业,:ACTED_IN
000966,电力行业,行业,:ACTED_IN
000993,电力行业,行业,:ACTED_IN
001896,电力行业,行业,:ACTED_IN
002039,电力行业,行业,:ACTED_IN
002479,电力行业,行业,:ACTED_IN
002692,电力行业,行业,:ACTED_IN
300423,电力行业,行业,:ACTED_IN
600006,汽车制造,行业,:ACTED_IN
600066,汽车制造,行业,:ACTED_IN
600081,汽车制造,行业,:ACTED_IN
600093,汽车制造,行业,:ACTED_IN
600104,汽车制造,行业,:ACTED_IN
600148,汽车制造,行业,:ACTED_IN
600166,汽车制造,行业,:ACTED_IN
600178,汽车制造,行业,:ACTED_IN
600182,汽车制造,行业,:ACTED_IN
600213,汽车制造,行业,:ACTED_IN
600303,汽车制造,行业,:ACTED_IN
600335,汽车制造,行业,:ACTED_IN
600375,汽车制造,行业,:ACTED_IN
600418,汽车制造,行业,:ACTED_IN
600469,汽车制造,行业,:ACTED_IN
600480,汽车制造,行业,:ACTED_IN
600501,汽车制造,行业,:ACTED_IN
600523,汽车制造,行业,:ACTED_IN
600609,汽车制造,行业,:ACTED_IN
600623,汽车制造,行业,:ACTED_IN
600653,汽车制造,行业,:ACTED_IN
600660,汽车制造,行业,:ACTED_IN
600676,汽车制造,行业,:ACTED_IN
600686,汽车制造,行业,:ACTED_IN
600698,汽车制造,行业,:ACTED_IN
600699,汽车制造,行业,:ACTED_IN
600715,汽车制造,行业,:ACTED_IN
600741,汽车制造,行业,:ACTED_IN
600742,汽车制造,行业,:ACTED_IN
600760,汽车制造,行业,:ACTED_IN
600960,汽车制造,行业,:ACTED_IN
600991,汽车制造,行业,:ACTED_IN
601058,汽车制造,行业,:ACTED_IN
601238,汽车制造,行业,:ACTED_IN
601258,汽车制造,行业,:ACTED_IN
601633,汽车制造,行业,:ACTED_IN
601689,汽车制造,行业,:ACTED_IN
601799,汽车制造,行业,:ACTED_IN
601965,汽车制造,行业,:ACTED_IN
603006,汽车制造,行业,:ACTED_IN
603009,汽车制造,行业,:ACTED_IN
603158,汽车制造,行业,:ACTED_IN
603166,汽车制造,行业,:ACTED_IN
603306,汽车制造,行业,:ACTED_IN
603788,汽车制造,行业,:ACTED_IN
603997,汽车制造,行业,:ACTED_IN
000025,汽车制造,行业,:ACTED_IN
000030,汽车制造,行业,:ACTED_IN
000338,汽车制造,行业,:ACTED_IN
000550,汽车制造,行业,:ACTED_IN
000559,汽车制造,行业,:ACTED_IN
000572,汽车制造,行业,:ACTED_IN
000581,汽车制造,行业,:ACTED_IN
000589,汽车制造,行业,:ACTED_IN
000599,汽车制造,行业,:ACTED_IN
000622,汽车制造,行业,:ACTED_IN
000625,汽车制造,行业,:ACTED_IN
000700,汽车制造,行业,:ACTED_IN
000710,汽车制造,行业,:ACTED_IN
000753,汽车制造,行业,:ACTED_IN
000757,汽车制造,行业,:ACTED_IN
000760,汽车制造,行业,:ACTED_IN
000800,汽车制造,行业,:ACTED_IN
000868,汽车制造,行业,:ACTED_IN
000927,汽车制造,行业,:ACTED_IN
000951,汽车制造,行业,:ACTED_IN
000957,汽车制造,行业,:ACTED_IN
002013,汽车制造,行业,:ACTED_IN
002031,汽车制造,行业,:ACTED_IN
002048,汽车制造,行业,:ACTED_IN
002085,汽车制造,行业,:ACTED_IN
002126,汽车制造,行业,:ACTED_IN
002190,汽车制造,行业,:ACTED_IN
002213,汽车制造,行业,:ACTED_IN
002265,汽车制造,行业,:ACTED_IN
002283,汽车制造,行业,:ACTED_IN
002284,汽车制造,行业,:ACTED_IN
002355,汽车制造,行业,:ACTED_IN
002363,汽车制造,行业,:ACTED_IN
002406,汽车制造,行业,:ACTED_IN
002434,汽车制造,行业,:ACTED_IN
002454,汽车制造,行业,:ACTED_IN
002488,汽车制造,行业,:ACTED_IN
002510,汽车制造,行业,:ACTED_IN
002536,汽车制造,行业,:ACTED_IN
002555,汽车制造,行业,:ACTED_IN
002590,汽车制造,行业,:ACTED_IN
002593,汽车制造,行业,:ACTED_IN
002594,汽车制造,行业,:ACTED_IN
002602,汽车制造,行业,:ACTED_IN
002607,汽车制造,行业,:ACTED_IN
002625,汽车制造,行业,:ACTED_IN
002662,汽车制造,行业,:ACTED_IN
002703,汽车制造,行业,:ACTED_IN
002708,汽车制造,行业,:ACTED_IN
002715,汽车制造,行业,:ACTED_IN
002725,汽车制造,行业,:ACTED_IN
300100,汽车制造,行业,:ACTED_IN
300176,汽车制造,行业,:ACTED_IN
300258,汽车制造,行业,:ACTED_IN
300304,汽车制造,行业,:ACTED_IN
300375,汽车制造,行业,:ACTED_IN
300432,汽车制造,行业,:ACTED_IN
600337,家具行业,行业,:ACTED_IN
600978,家具行业,行业,:ACTED_IN
603008,家具行业,行业,:ACTED_IN
603600,家具行业,行业,:ACTED_IN
603818,家具行业,行业,:ACTED_IN
603898,家具行业,行业,:ACTED_IN
000910,家具行业,行业,:ACTED_IN
002084,家具行业,行业,:ACTED_IN
002120,家具行业,行业,:ACTED_IN
002240,家具行业,行业,:ACTED_IN
002259,家具行业,行业,:ACTED_IN
002489,家具行业,行业,:ACTED_IN
002572,家具行业,行业,:ACTED_IN
002631,家具行业,行业,:ACTED_IN
002718,家具行业,行业,:ACTED_IN
002751,家具行业,行业,:ACTED_IN
600096,农药化肥,行业,:ACTED_IN
600226,农药化肥,行业,:ACTED_IN
600227,农药化肥,行业,:ACTED_IN
600230,农药化肥,行业,:ACTED_IN
600389,农药化肥,行业,:ACTED_IN
600423,农药化肥,行业,:ACTED_IN
600426,农药化肥,行业,:ACTED_IN
600470,农药化肥,行业,:ACTED_IN
600486,农药化肥,行业,:ACTED_IN
600538,农药化肥,行业,:ACTED_IN
600596,农药化肥,行业,:ACTED_IN
600691,农药化肥,行业,:ACTED_IN
600727,农药化肥,行业,:ACTED_IN
600731,农药化肥,行业,:ACTED_IN
600796,农药化肥,行业,:ACTED_IN
600803,农药化肥,行业,:ACTED_IN
603599,农药化肥,行业,:ACTED_IN
000155,农药化肥,行业,:ACTED_IN
000422,农药化肥,行业,:ACTED_IN
000525,农药化肥,行业,:ACTED_IN
000553,农药化肥,行业,:ACTED_IN
000578,农药化肥,行业,:ACTED_IN
000731,农药化肥,行业,:ACTED_IN
000792,农药化肥,行业,:ACTED_IN
000830,农药化肥,行业,:ACTED_IN
000902,农药化肥,行业,:ACTED_IN
000912,农药化肥,行业,:ACTED_IN
000950,农药化肥,行业,:ACTED_IN
000953,农药化肥,行业,:ACTED_IN
002004,农药化肥,行业,:ACTED_IN
002018,农药化肥,行业,:ACTED_IN
002113,农药化肥,行业,:ACTED_IN
002170,农药化肥,行业,:ACTED_IN
002215,农药化肥,行业,:ACTED_IN
002258,农药化肥,行业,:ACTED_IN
002274,农药化肥,行业,:ACTED_IN
002391,农药化肥,行业,:ACTED_IN
002470,农药化肥,行业,:ACTED_IN
002496,农药化肥,行业,:ACTED_IN
002513,农药化肥,行业,:ACTED_IN
002538,农药化肥,行业,:ACTED_IN
002539,农药化肥,行业,:ACTED_IN
002588,农药化肥,行业,:ACTED_IN
002734,农药化肥,行业,:ACTED_IN
002749,农药化肥,行业,:ACTED_IN
300261,农药化肥,行业,:ACTED_IN
600054,酒店旅游,行业,:ACTED_IN
600138,酒店旅游,行业,:ACTED_IN
600258,酒店旅游,行业,:ACTED_IN
600358,酒店旅游,行业,:ACTED_IN
600555,酒店旅游,行业,:ACTED_IN
600593,酒店旅游,行业,:ACTED_IN
600640,酒店旅游,行业,:ACTED_IN
600706,酒店旅游,行业,:ACTED_IN
600749,酒店旅游,行业,:ACTED_IN
600754,酒店旅游,行业,:ACTED_IN
601007,酒店旅游,行业,:ACTED_IN
601888,酒店旅游,行业,:ACTED_IN
603099,酒店旅游,行业,:ACTED_IN
603199,酒店旅游,行业,:ACTED_IN
603869,酒店旅游,行业,:ACTED_IN
000007,酒店旅游,行业,:ACTED_IN
000033,酒店旅游,行业,:ACTED_IN
000069,酒店旅游,行业,:ACTED_IN
000428,酒店旅游,行业,:ACTED_IN
000430,酒店旅游,行业,:ACTED_IN
000524,酒店旅游,行业,:ACTED_IN
000610,酒店旅游,行业,:ACTED_IN
000613,酒店旅游,行业,:ACTED_IN
000721,酒店旅游,行业,:ACTED_IN
000802,酒店旅游,行业,:ACTED_IN
000888,酒店旅游,行业,:ACTED_IN
000978,酒店旅游,行业,:ACTED_IN
002033,酒店旅游,行业,:ACTED_IN
002059,酒店旅游,行业,:ACTED_IN
002159,酒店旅游,行业,:ACTED_IN
002186,酒店旅游,行业,:ACTED_IN
002306,酒店旅游,行业,:ACTED_IN
002558,酒店旅游,行业,:ACTED_IN
002707,酒店旅游,行业,:ACTED_IN
300144,酒店旅游,行业,:ACTED_IN
300178,酒店旅游,行业,:ACTED_IN
600217,水泥行业,行业,:ACTED_IN
600318,水泥行业,行业,:ACTED_IN
600425,水泥行业,行业,:ACTED_IN
600449,水泥行业,行业,:ACTED_IN
600539,水泥行业,行业,:ACTED_IN
600553,水泥行业,行业,:ACTED_IN
600585,水泥行业,行业,:ACTED_IN
600668,水泥行业,行业,:ACTED_IN
600678,水泥行业,行业,:ACTED_IN
600720,水泥行业,行业,:ACTED_IN
600801,水泥行业,行业,:ACTED_IN
600802,水泥行业,行业,:ACTED_IN
600881,水泥行业,行业,:ACTED_IN
600883,水泥行业,行业,:ACTED_IN
601992,水泥行业,行业,:ACTED_IN
000401,水泥行业,行业,:ACTED_IN
000546,水泥行业,行业,:ACTED_IN
000672,水泥行业,行业,:ACTED_IN
000789,水泥行业,行业,:ACTED_IN
000877,水泥行业,行业,:ACTED_IN
000885,水泥行业,行业,:ACTED_IN
000935,水泥行业,行业,:ACTED_IN
002233,水泥行业,行业,:ACTED_IN
002302,水泥行业,行业,:ACTED_IN
002346,水泥行业,行业,:ACTED_IN
002619,水泥行业,行业,:ACTED_IN
600058,物资外贸,行业,:ACTED_IN
600120,物资外贸,行业,:ACTED_IN
600128,物资外贸,行业,:ACTED_IN
600153,物资外贸,行业,:ACTED_IN
600241,物资外贸,行业,:ACTED_IN
600247,物资外贸,行业,:ACTED_IN
600250,物资外贸,行业,:ACTED_IN
600278,物资外贸,行业,:ACTED_IN
600287,物资外贸,行业,:ACTED_IN
600382,物资外贸,行业,:ACTED_IN
600500,物资外贸,行业,:ACTED_IN
600605,物资外贸,行业,:ACTED_IN
600704,物资外贸,行业,:ACTED_IN
600739,物资外贸,行业,:ACTED_IN
600755,物资外贸,行业,:ACTED_IN
600822,物资外贸,行业,:ACTED_IN
600826,物资外贸,行业,:ACTED_IN
600981,物资外贸,行业,:ACTED_IN
000151,物资外贸,行业,:ACTED_IN
000626,物资外贸,行业,:ACTED_IN
002091,物资外贸,行业,:ACTED_IN
600099,摩托车,行业,:ACTED_IN
600877,摩托车,行业,:ACTED_IN
601777,摩托车,行业,:ACTED_IN
603766,摩托车,行业,:ACTED_IN
000913,摩托车,行业,:ACTED_IN
001696,摩托车,行业,:ACTED_IN
600210,印刷包装,行业,:ACTED_IN
600836,印刷包装,行业,:ACTED_IN
600880,印刷包装,行业,:ACTED_IN
601515,印刷包装,行业,:ACTED_IN
603729,印刷包装,行业,:ACTED_IN
000659,印刷包装,行业,:ACTED_IN
000673,印刷包装,行业,:ACTED_IN
000812,印刷包装,行业,:ACTED_IN
002117,印刷包装,行业,:ACTED_IN
002191,印刷包装,行业,:ACTED_IN
002228,印刷包装,行业,:ACTED_IN
002229,印刷包装,行业,:ACTED_IN
002374,印刷包装,行业,:ACTED_IN
002400,印刷包装,行业,:ACTED_IN
002599,印刷包装,行业,:ACTED_IN
002701,印刷包装,行业,:ACTED_IN
002752,印刷包装,行业,:ACTED_IN
300057,印刷包装,行业,:ACTED_IN
300058,印刷包装,行业,:ACTED_IN
300071,印刷包装,行业,:ACTED_IN
600060,家电行业,行业,:ACTED_IN
600261,家电行业,行业,:ACTED_IN
600336,家电行业,行业,:ACTED_IN
600690,家电行业,行业,:ACTED_IN
600839,家电行业,行业,:ACTED_IN
600854,家电行业,行业,:ACTED_IN
600870,家电行业,行业,:ACTED_IN
600983,家电行业,行业,:ACTED_IN
603366,家电行业,行业,:ACTED_IN
603519,家电行业,行业,:ACTED_IN
000016,家电行业,行业,:ACTED_IN
000100,家电行业,行业,:ACTED_IN
000333,家电行业,行业,:ACTED_IN
000418,家电行业,行业,:ACTED_IN
000521,家电行业,行业,:ACTED_IN
000527,家电行业,行业,:ACTED_IN
000533,家电行业,行业,:ACTED_IN
000541,家电行业,行业,:ACTED_IN
000651,家电行业,行业,:ACTED_IN
000921,家电行业,行业,:ACTED_IN
002005,家电行业,行业,:ACTED_IN
002032,家电行业,行业,:ACTED_IN
002035,家电行业,行业,:ACTED_IN
002076,家电行业,行业,:ACTED_IN
002242,家电行业,行业,:ACTED_IN
002260,家电行业,行业,:ACTED_IN
002290,家电行业,行业,:ACTED_IN
002403,家电行业,行业,:ACTED_IN
002429,家电行业,行业,:ACTED_IN
002473,家电行业,行业,:ACTED_IN
002508,家电行业,行业,:ACTED_IN
002543,家电行业,行业,:ACTED_IN
002668,家电行业,行业,:ACTED_IN
002677,家电行业,行业,:ACTED_IN
002681,家电行业,行业,:ACTED_IN
002705,家电行业,行业,:ACTED_IN
002723,家电行业,行业,:ACTED_IN
